title,company,location,source,search_term,salary_min,salary_max
Lead AI Engineer & Technical Architect,Bold Business,Remote,RemoteOK,,,
3D Modeling & Python Specialist Freelance AI Trainer Project,Invisible Agency,Remote,RemoteOK,,,
AI Solutions Manager SMB,Arize AI,Remote,RemoteOK,,,
Product Manager Data Feeds,YipitData,Remote,RemoteOK,,,
Travel Booking Specialist,Careers In Travel | Destination Planners,Remote,RemoteOK,,,
Travel Booking Specialist Hotels &amp; Resorts,Careers In Travel | Destination Planners,Remote,RemoteOK,,,
Hotel &amp; Vacation Advisor,Careers In Travel | Destination Planners,Remote,RemoteOK,,,
Destination Travel Specialist Flexible Hours,Careers In Travel | Destination Planners,Remote,RemoteOK,,,
VFX Artist AI Training Vancouver Canada,Prolific Academic Ltd,Remote,RemoteOK,,,
Data Conversion Developer,Grant Street Group,Remote,RemoteOK,,,
Director of Supply Chain,STR,Remote,RemoteOK,,,
Intelligence Collections Specialist UK,Concentric,Remote,RemoteOK,,,
Solutions Analyst,Sayari,Remote,RemoteOK,,,
Entry Level Crypto Market Specialist,Infiniti Group,Remote,RemoteOK,,,
Senior Data Engineer,Business Wire,Remote,RemoteOK,,,
Data Success Manager,Murmuration,Remote,RemoteOK,,,
Strategic Success Manager,BenchPrep,Remote,RemoteOK,,,
Supply Chain Manager,Nutrafol,Remote,RemoteOK,,,
Staff Data Engineer,Imagine Pediatrics,Remote,RemoteOK,,,
Legal Data Analyst Junior Vaga Afirmativa para PCD,Jusbrasil,Remote,RemoteOK,,,
Manager Client Support RH Boutique Partners,Waterworks,Remote,RemoteOK,,,
Inside Sales Representative,Renewal by Andersen,Remote,RemoteOK,,,
Sustainability Counsel,Axiom,Remote,RemoteOK,,,
Counsel Business & Legal Affairs,MLB Network,Remote,RemoteOK,,,
Senior Site Reliability Engineer AI Infrastructure,Andromeda Cluster,Remote,RemoteOK,,,
Senior Financial Analyst Digital Assets,Exodus Movement Inc.,Remote,RemoteOK,,,
Pharmacy Liaison,Shields Health Solutions,Remote,RemoteOK,,,
Data Governance Engineer,"Chime Financial, Inc",Remote,RemoteOK,,,
Regional Sales Manager,Open Farm,Remote,RemoteOK,,,
Regional Human Resources Business Partner West,Rowan,Remote,RemoteOK,,,
Senior AI consultant/GenAI Product Owner,Hiflylabs,Anywhere in the World,WeWorkRemotely,,,
Staff AI Product Builder,Brightwheel,Anywhere in the World,WeWorkRemotely,,,
"Full-Stack Developer, AI Applications",Titan Ai,Anywhere in the World,WeWorkRemotely,,,
Lead Backend Software Engineer (Product API),Philo,Anywhere in the World,WeWorkRemotely,,,
Senior Backend Application Engineer - Product & Platform,Manifest Cyber Public,Anywhere in the World,WeWorkRemotely,,,
Data Product Manager - Link Activity Data,Veeva Systems,Anywhere in the World,WeWorkRemotely,,,
Senior Back-End Engineer (Java) - Product Foundation,Ataccama,Anywhere in the World,WeWorkRemotely,,,
"Software Engineer, Web Core Product & Chrome Extension",Speechify,Anywhere in the World,WeWorkRemotely,,,
Senior Fullstack Engineer (Ruby+React),WALTER,Anywhere in the World,WeWorkRemotely,,,
Full-Stack Engineering Lead,WALTER,Anywhere in the World,WeWorkRemotely,,,
"Crypto Trader (Remote, Full Training Provided)",MAIDEL LIMITED,Anywhere in the World,WeWorkRemotely,,,
Senior Paid Media Strategist (Remote),"Clients Blackbox, Inc.",Anywhere in the World,WeWorkRemotely,,,
"Staff Data Analyst, Product",Airalo,Anywhere in the World,WeWorkRemotely,,,
"Staff Fullstack Product Software Engineer, Dash",Dropbox,Anywhere in the World,WeWorkRemotely,,,
"Senior Staff Product Marketing Manager, AI",Temporal Technologies,Anywhere in the World,WeWorkRemotely,,,
QA Automation Engineer,Toptal,Anywhere in the World,WeWorkRemotely,,,
DevOps Engineer,Avahi,Anywhere in the World,WeWorkRemotely,,,
DevOps Engineer,Qventus,Anywhere in the World,WeWorkRemotely,,,
DevOps Engineer,Bugcrowd,Anywhere in the World,WeWorkRemotely,,,
Customer Support Engineer,Vcluster Labs,Anywhere in the World,WeWorkRemotely,,,
DevOps Engineer (Remote),Rhino Partners,Anywhere in the World,WeWorkRemotely,,,
Senior DevOps Engineer,Zayzoon,Anywhere in the World,WeWorkRemotely,,,
Senior Devops Engineer,Woliba,Anywhere in the World,WeWorkRemotely,,,
DevOps Engineer,Jahnel Group,Anywhere in the World,WeWorkRemotely,,,
"Staff Software Engineer, Product",Atria Physician Practice New York Pc,Anywhere in the World,WeWorkRemotely,,,
Senior DevOps Engineer,Kasha,Anywhere in the World,WeWorkRemotely,,,
"Software Engineer, iOS Core Product",Speechify,Anywhere in the World,WeWorkRemotely,,,
"Backend Engineer, 80-100% (f/m/x)",comparis.ch,Anywhere in the World,WeWorkRemotely,,,
BACKEND ENGINEER (MID–SENIOR),Urban Legend,Anywhere in the World,WeWorkRemotely,,,
Staff Frontend Engineer,Notion,Anywhere in the World,WeWorkRemotely,,,
Senior Backend Engineer,Stripe,Anywhere in the World,WeWorkRemotely,,,
Senior ML Engineer,Chess.com,Anywhere in the World,WeWorkRemotely,,,
Senior QA Automation Engineer,Bjak,Anywhere in the World,WeWorkRemotely,,,
"Senior Machine Learning Engineer, Personalization",Spotify,Anywhere in the World,WeWorkRemotely,,,
"Senior Software Engineer, Design Systems",Vanta,Anywhere in the World,WeWorkRemotely,,,
Full Stack AI Engineer,Reveleer,Anywhere in the World,WeWorkRemotely,,,
AI Research Engineer,Tether,Anywhere in the World,WeWorkRemotely,,,
Senior Engineer - Growth Marketing,Buffer,Anywhere in the World,WeWorkRemotely,,,
Senior Software Engineer,Cue,Anywhere in the World,WeWorkRemotely,,,
Business Analyst,Elite Software Automation,Anywhere in the World,WeWorkRemotely,,,
Senior Software Engineer - Backend/Python - USA Only (100% Remote),Close,Anywhere in the World,WeWorkRemotely,,,
"Software Engineer, iOS Core Product",Speechify Inc,Anywhere in the World,WeWorkRemotely,,,
Frontend Engineer,Mobena,Anywhere in the World,WeWorkRemotely,,,
Principal Data Scientist,BMO Financial,"The Loop, Chicago",Adzuna,data scientist,176080.61,176080.61
Data Scientist - Optimization and Advanced Machine Learning,FM,"Johnston, Providence County",Adzuna,data scientist,144116.86,144116.86
Data Scientist,ManTech International,"West Springfield, Fairfax County",Adzuna,data scientist,120000.0,160000.0
Lead Data Scientist,ManTech International,"Trade, Alexandria City",Adzuna,data scientist,135000.0,200000.0
Data Scientist,Howmet Aerospace,"Wichita Falls, Wichita County",Adzuna,data scientist,84650.78,84650.78
Senior Data Scientist,Castellum Inc,"Fort Belvoir, Fairfax County",Adzuna,data scientist,125000.0,175000.0
"Director, Data Scientist - External Data Strategy",Capital One,"Prince, Manhattan",Adzuna,data scientist,215976.86,215976.86
Data Scientist 2,Weeghman & Briggs LLC,"Wahiawa, Honolulu",Adzuna,data scientist,174490.38,174490.38
Data Scientist,"Judge Group, Inc.","Fort Sam Houston, Bexar County",Adzuna,data scientist,231958.75,231958.75
Data Scientist,GovCIO,US,Adzuna,data scientist,135406.19,135406.19
Data Scientist,SAIC,"Chantilly, Fairfax County",Adzuna,data scientist,129821.82,129821.82
Data Scientist,"Meta Platforms, Inc. ","Menlo Park, San Mateo County",Adzuna,data scientist,175032.2,175032.2
Data Scientist,Booz Allen Hamilton,"Haymount, Cumberland County",Adzuna,data scientist,173536.98,173536.98
Data Scientist,Kforce Technology Staffing,"Orlando, Orange County",Adzuna,data scientist,193734.31,193734.31
Data Scientist,Horizontal Talent,"Brooklyn Park, Hennepin County",Adzuna,data scientist,77552.98,77552.98
Data Scientist,Randstad Digital,"Cary, Wake County",Adzuna,data scientist,182159.08,182159.08
Data Scientist,Redhorse Corporation,"Tampa Palms, Hillsborough County",Adzuna,data scientist,135183.73,135183.73
Data Scientist,Harnham,"Alameda, Alameda County",Adzuna,data scientist,118253.05,118253.05
"Principal Data Scientist, AI Foundations",Capital One,"Prince, Manhattan",Adzuna,data scientist,237588.61,237588.61
Data Scientist,Galent,US,Adzuna,data scientist,92407.71,92407.71
Data Scientist,Stefanini,"Heidenheimer, Bell County",Adzuna,data scientist,107222.52,107222.52
Data Scientist,Apex Systems,"Hoover, Jefferson County",Adzuna,data scientist,104155.91,104155.91
Data Scientist,Mastech Digital,"Irving, Dallas",Adzuna,data scientist,128672.67,128672.67
Data Scientist,Cliff Services Inc,"Textile Finance, Los Angeles County",Adzuna,data scientist,126806.16,126806.16
Data Scientist,FlairTech Solutions,US,Adzuna,data scientist,100899.59,100899.59
Data Scientist,Enterprise Minds,"San Ramon, Contra Costa County",Adzuna,data scientist,83812.07,83812.07
Data Scientist,Compunnel Inc.,US,Adzuna,data scientist,85934.73,85934.73
Data Scientist,"Pyramid Consulting, Inc.","Pimmit, Fairfax County",Adzuna,data scientist,104409.51,104409.51
Data Scientist,SESHENG LLC,"Five Corners, Hudson County",Adzuna,data scientist,96816.59,96816.59
Data Scientist,PTR Global,"Monte Vista, Santa Clara County",Adzuna,data scientist,161822.0,161822.0
Data Scientist,Spar Information Systems,"Mount Rainier, Prince George's County",Adzuna,data scientist,98505.12,98505.12
data scientist,Valueprosite,"Creve Coeur, Saint Louis County",Adzuna,data scientist,127983.05,127983.05
Data Scientist,SOIMEXCS,US,Adzuna,data scientist,79631.71,79631.71
Data Scientist,Collabera LLC,"Charlotte, Mecklenburg County",Adzuna,data scientist,109627.88,109627.88
Data Scientist,Futuremindz llc,US,Adzuna,data scientist,88851.78,88851.78
Data Scientist,Apar Technologies,"Ridgefield Park, Bergen County",Adzuna,data scientist,104245.74,104245.74
Data Scientist,Hadiamondstar Software Solutions LLC,US,Adzuna,data scientist,152656.92,152656.92
Data Scientist,Adtech,"Sterling, Loudoun County",Adzuna,data scientist,124487.7,124487.7
Data Scientist,Mindlance,"Canaan Lake, Suffolk County",Adzuna,data scientist,111974.68,111974.68
Data Scientist,Talentrupt,"Newark, Essex County",Adzuna,data scientist,177699.06,177699.06
Data Scientist,"Belcan, LLC","Hyde Park, Hamilton County",Adzuna,data scientist,125058.15,125058.15
Data Scientist,Robert Half,"Northlake, DeKalb County",Adzuna,data scientist,125826.18,125826.18
Data Scientist,Connvertex Technologies Inc.,US,Adzuna,data scientist,185040.55,185040.55
Data Scientist,Factspan Inc,"Northlake, DeKalb County",Adzuna,data scientist,136952.14,136952.14
Data Scientist,JSR Tech Consulting,"Newark, Essex County",Adzuna,data scientist,129705.73,129705.73
SR. DATA SCIENTIST,Aroha Technologies,"SoMa, San Francisco",Adzuna,data scientist,125794.87,125794.87
Data Scientist Senior,"V-Soft Consulting Group, Inc.","New York City, New York",Adzuna,data scientist,90999.01,90999.01
Senior Data Scientist,"Reputation Institute, Inc.","Connecticut, US",Adzuna,data scientist,236429.3,236429.3
"Manager, Data Scientist - Recommendation & Personalization Systems",Capital One,"Prince, Manhattan",Adzuna,data scientist,225084.7,225084.7
"Manager, Data Scientist - Emerging Payments & Airkey",Capital One,"Prince, Manhattan",Adzuna,data scientist,244280.08,244280.08
"Manager, Data Scientist - Model Risk Office",Capital One,"K-Town, Chicago",Adzuna,data scientist,206795.12,206795.12
Lead Data Scientist,Brooksource,"Pennsylvania, US",Adzuna,data scientist,163802.6,163802.6
Staff Data Scientist,Penske Truck Leasing,"Beachwood, Cuyahoga County",Adzuna,data scientist,182995.55,182995.55
DATA SCIENTIST - IV,"Judge Group, Inc.","Irving, Dallas",Adzuna,data scientist,128145.97,128145.97
Sr. Data Scientist,FedEx Office,"Cloverdale, Shelby County",Adzuna,data scientist,146277.94,146277.94
Senior Data Scientist,Parkland Center for Clinical Innovation,"Highland Park, Dallas",Adzuna,data scientist,159899.8,159899.8
Data Scientist/Engineer,"Cayuse Holdings, LLC",US,Adzuna,data scientist,185395.05,185395.05
Lead Data Scientist,Booz Allen Hamilton,"Mount Rainier, Prince George's County",Adzuna,data scientist,189764.06,189764.06
Senior Data Scientist,Kforce Technology Staffing,"Kohrville, Harris County",Adzuna,data scientist,240440.58,240440.58
Senior Data Scientist,Booz Allen Hamilton,"El Segundo, Los Angeles County",Adzuna,data scientist,195459.66,195459.66
"Data Scientist, Product","Meta Platforms, Inc. ","Menlo Park, San Mateo County",Adzuna,data scientist,166876.31,166876.31
"Data Scientist, Analytics","Meta Platforms, Inc. ","Grand Central, Manhattan",Adzuna,data scientist,218899.62,218899.62
Data Scientist PennDnA,Penn Medicine,"Elkins Park, Montgomery County",Adzuna,data scientist,171758.78,171758.78
Mid Data Scientist,Booz Allen Hamilton,"State Farm, Arlington County",Adzuna,data scientist,134402.17,134402.17
Applied Data Scientist,Booz Allen Hamilton,"State Farm, Arlington County",Adzuna,data scientist,219737.73,219737.73
Data Scientist IV,"Judge Group, Inc.","Bridgewater, Somerset County",Adzuna,data scientist,144059.84,144059.84
Senior Data Scientist,Redhorse Corporation,US,Adzuna,data scientist,169780.08,169780.08
Senior Data Scientist,"Electronic Consulting Services, Inc ","McChord Air Force Base, Pierce County",Adzuna,data scientist,132048.06,132048.06
Sr. Data Scientist,"Knowledge Management, Inc","State Farm, Arlington County",Adzuna,data scientist,102895.73,102895.73
Lead Data Scientist,EPAM Systems,US,Adzuna,data scientist,99406.17,99406.17
Chief Data Scientist,"Maximus, Inc.","Tampa Palms, Hillsborough County",Adzuna,data scientist,202143.28,202143.28
Senior Data Scientist,SAIC,"North Springfield, Fairfax County",Adzuna,data scientist,146369.34,146369.34
Data Scientist III,SOS International LLC ,"Mount Rainier, Prince George's County",Adzuna,data scientist,109103.35,109103.35
Data Scientist (Starlink),SpaceX,"Redmond, King County",Adzuna,data scientist,162911.02,162911.02
Senior Data Scientist,Eliassen Group,"Charlotte, Mecklenburg County",Adzuna,data scientist,150022.7,150022.7
AI Data Scientist,Booz Allen Hamilton,"Fort George G Meade, Anne Arundel County",Adzuna,data scientist,146507.05,146507.05
Financial Data Scientist,U.S. Bank,"Northlake, DeKalb County",Adzuna,data scientist,113928.77,113928.77
Principal Data Scientist,DTCC,"Five Corners, Hudson County",Adzuna,data scientist,183599.84,183599.84
Senior Data Scientist,Trans Union LLC,"Schiller Park, Cook County",Adzuna,data scientist,102425.3,102425.3
Lead Data Scientist,Trans Union LLC,"Schiller Park, Cook County",Adzuna,data scientist,129327.28,129327.28
Senior Data Scientist,SteerBridge,"Vienna, Dooly County",Adzuna,data scientist,126505.15,126505.15
Clinical Data Scientist,Harnham,"San Diego, San Diego County",Adzuna,data scientist,105716.55,105716.55
Senior Data Analyst,Trane Technologies,"Davidson, Mecklenburg County",Adzuna,data analyst,160409.17,160409.17
Finance Data Analyst,Trane Technologies,"Davidson, Mecklenburg County",Adzuna,data analyst,157525.45,157525.45
Information Technology Data Analyst Lead - Health Outcomes,Christus Health,"Irving, Dallas",Adzuna,data analyst,28326.35,28326.35
QUALITY DATA ANALYST,Aspire Health Partners,"Orlando, Orange County",Adzuna,data analyst,65000.0,85000.0
Data Analyst,Genesis10,"Charlotte, Mecklenburg County",Adzuna,data analyst,75992.94,75992.94
Data Analyst,"A & G International Trade, Inc.","Green Valley, Clark County",Adzuna,data analyst,61373.33,61373.33
Data Analyst - Sr Data Analyst,FedEx Office,"Pennsylvania, US",Adzuna,data analyst,83619.34,83619.34
Data Analyst,Surya Systems,"Exton, Chester County",Adzuna,data analyst,81434.57,81434.57
Data Analyst,"US Tech Solutions, Inc.","Hapeville, Fulton County",Adzuna,data analyst,53376.0,53376.0
Licensed Vocational Nurse Clinical Data Analyst II - Quality Management,CHRISTUS Health,"Kingsville, Kleberg County",Adzuna,data analyst,9999.41,9999.41
Data Analyst,Software Guidance & Assistance,"Derwood, Montgomery County",Adzuna,data analyst,43449.42,43449.42
Data Analyst,Booz Allen Hamilton,US,Adzuna,data analyst,116366.75,116366.75
Data Analyst,SAIC,"North Carolina, US",Adzuna,data analyst,83192.68,83192.68
Data Analyst,Kforce Technology Staffing,"Northlake, DeKalb County",Adzuna,data analyst,91184.22,91184.22
Data Analyst,"Judge Group, Inc.",US,Adzuna,data analyst,105952.53,105952.53
Data Analyst,Visionaire Partners,"Alpharetta, Fulton County",Adzuna,data analyst,110486.43,110486.43
Data Analyst,Dynanet Corporation,"Mount Rainier, Prince George's County",Adzuna,data analyst,102943.34,102943.34
Data Analyst,Chenega MIOS,"Trade, Alexandria City",Adzuna,data analyst,60305.77,60305.77
data analyst,Randstad Digital,"Florin, Sacramento County",Adzuna,data analyst,77612.54,77612.54
Data Analyst,Eliassen Group,"Centerdale, Providence County",Adzuna,data analyst,116350.22,116350.22
Data Analyst,The Select Group,US,Adzuna,data analyst,101930.88,101930.88
Data Analyst,HireTalent - Staffing & Recruiting Firm,"Minneapolis, Ottawa County",Adzuna,data analyst,64542.48,64542.48
Data Analyst,Golden Technology,"Saint Louis, Saint Louis County",Adzuna,data analyst,94389.66,94389.66
Data Analyst,MIGSO-PCUBED,"Boston, Thomas County",Adzuna,data analyst,98771.71,98771.71
Data Analyst,MotoRad Ltd.,"Alpharetta, Fulton County",Adzuna,data analyst,127135.63,127135.63
Data Analyst,"Pyramid Consulting, Inc","Charlotte, Clinton County",Adzuna,data analyst,71275.7,71275.7
Data Analyst,Access Data Consulting Corporation,"Phoenix, Maricopa County",Adzuna,data analyst,64571.18,64571.18
Data Analyst,"Resolution Technologies, Inc.","Atlanta, Fulton County",Adzuna,data analyst,59585.62,59585.62
Data Analyst,Akidev Corporation,US,Adzuna,data analyst,110053.38,110053.38
Data Analyst,Stellar IT Solutions,"Creve Coeur, Saint Louis County",Adzuna,data analyst,128894.12,128894.12
Data Analyst,Tek Inspirations LLC,"Richmond, Richmond County",Adzuna,data analyst,92095.12,92095.12
Data Analyst,"Nasscomm, Inc.","Grand Central, Manhattan",Adzuna,data analyst,84368.46,84368.46
Data Analyst,AaraTechnologies Inc,"Texas City, Galveston County",Adzuna,data analyst,59777.21,59777.21
Data Analyst,"Ace Technologies, Inc.","Phoenix, Maricopa County",Adzuna,data analyst,92753.37,92753.37
Data Analyst,"Synergyassure, Inc","Texas City, Galveston County",Adzuna,data analyst,71510.93,71510.93
: Data Analyst,Gov Services Hub,"Richmond, Richmond County",Adzuna,data analyst,119611.38,119611.38
DATA ANALYST,Estaff LLC,US,Adzuna,data analyst,83940.54,83940.54
Data Analyst,"Edify Technologies, Inc.",US,Adzuna,data analyst,93138.69,93138.69
Data Analyst,Vaco by Highspring,"Huntington, Fairfield County",Adzuna,data analyst,162025.67,162025.67
Data Analyst,Dhalite Inc.,"Phoenix, Maricopa County",Adzuna,data analyst,59417.49,59417.49
Data Analyst,P2PSoftTek Inc,"Charlotte, Mecklenburg County",Adzuna,data analyst,116136.04,116136.04
Data Analyst,Collabera LLC,"Charlotte, Mecklenburg County",Adzuna,data analyst,94821.92,94821.92
Data Analyst,MASH Pro Tech,"Times Square, King County",Adzuna,data analyst,91750.69,91750.69
Data Analyst,SATCON Inc,US,Adzuna,data analyst,88062.18,88062.18
Data Analyst,"Neo Prism Solutions, LLC",US,Adzuna,data analyst,76302.59,76302.59
Data Analyst,GenAquarius LLC,"Enterprise, Clark County",Adzuna,data analyst,98509.62,98509.62
Data Analyst,Apex Systems,"Center Line, Macomb County",Adzuna,data analyst,91115.46,91115.46
Data Analyst,Caresoft,"Richmond, Richmond County",Adzuna,data analyst,70488.05,70488.05
Data Analyst,"Pyramid Consulting, Inc.","Charlotte, Mecklenburg County",Adzuna,data analyst,81415.01,81415.01
Data Analyst,Techgene Solutions LLC,"Chamberlayne, Henrico County",Adzuna,data analyst,89202.0,89202.0
Data Analyst,ThinkBeyond Inc,"Mountain View, Santa Clara County",Adzuna,data analyst,94490.98,94490.98
Data Analyst,Sensiple Inc.,"Trammells, Harris County",Adzuna,data analyst,95655.16,95655.16
Data Analyst,Amtex Enterprises,"Trammells, Harris County",Adzuna,data analyst,107409.2,107409.2
Data Analyst,Robert Half,"Chamberlayne, Henrico County",Adzuna,data analyst,94881.9,94881.9
Data Analyst,Aditi Consulting,"Southglenn, Centennial",Adzuna,data analyst,163964.52,163964.52
Data Analyst,InterSources Inc.,"Northlake, DeKalb County",Adzuna,data analyst,38619.99,38619.99
Data Analyst,OP Consulting Group LLC,"Chamberlayne, Henrico County",Adzuna,data analyst,92502.32,92502.32
Data Analyst,Tekcel8,"Schiller Park, Cook County",Adzuna,data analyst,71592.88,71592.88
Data Analyst,Elista Global LLC,"Northlake, DeKalb County",Adzuna,data analyst,127908.38,127908.38
Data Analyst,nLeague Services,"West Indianapolis, Marion County",Adzuna,data analyst,104926.77,104926.77
Data Analyst,DFND Security,US,Adzuna,data analyst,124258.55,124258.55
Data Analyst,Intellect Quest LLC,"Carolina Beach, New Hanover County",Adzuna,data analyst,71698.93,71698.93
Data Analyst,Skillify Solutions,US,Adzuna,data analyst,45602.66,45602.66
IT Business Data Analyst,Gellert Global Group,"Elizabethport, Union County",Adzuna,data analyst,97500.0,130000.0
Data Analyst,Golden Resources. Inc.,"Creve Coeur, Saint Louis County",Adzuna,data analyst,107895.52,107895.52
Data Analyst,"Compusoft Integrated Solutions, Inc.","Simpsonville, Howard County",Adzuna,data analyst,128787.09,128787.09
Senior Data Analyst,Genesis10,"Minnetonka Mills, Hennepin County",Adzuna,data analyst,176529.2,176529.2
HR Data Analyst,"US Tech Solutions, Inc.","Charlotte, Mecklenburg County",Adzuna,data analyst,65319.18,65319.18
Commercial Data Analyst,"US Tech Solutions, Inc.","Massachusetts, US",Adzuna,data analyst,144463.36,144463.36
Energy Data Analyst (CT),Bridge Energy,"Hartford, Hartford County",Adzuna,data analyst,107412.89,107412.89
Lead Data Analyst,GovCIO,US,Adzuna,data analyst,109374.95,109374.95
Sr Data Analyst,Randstad Digital,"Virginia, US",Adzuna,data analyst,70760.83,70760.83
Data Analyst - Remote,Kforce Technology Staffing,"Schiller Park, Cook County",Adzuna,data analyst,114932.31,114932.31
Mid Data Analyst,Booz Allen Hamilton,"Millington, Shelby County",Adzuna,data analyst,91491.88,91491.88
Cyber Data Analyst,Booz Allen Hamilton,"Chantilly, Fairfax County",Adzuna,data analyst,98422.11,98422.11
Business Data Analyst,Software Guidance & Assistance,"Blue Hills, Hartford County",Adzuna,data analyst,98142.05,98142.05
Lead Data Analyst,Vistra Corp,"Irving, Dallas",Adzuna,data analyst,104308.2,104308.2
Metrics Data Analyst,SAIC,"Manchester, Ocean County",Adzuna,data analyst,97349.52,97349.52
Senior Data Analyst,TEKsystems c/o Allegis Group,"Hayes Valley, San Francisco",Adzuna,data analyst,124698.61,124698.61
Data Analyst 2,"Judge Group, Inc.","Times Square, King County",Adzuna,data analyst,118206.81,118206.81
Facilities Data Analyst,SAIC,"North Springfield, Fairfax County",Adzuna,data analyst,120098.77,120098.77
Senior Data Analyst,Capgemini Government Solutions,"Mount Rainier, Prince George's County",Adzuna,data analyst,93133.09,93133.09
Sr Data Analyst,Horizontal Talent,"Blue Hills, Hartford County",Adzuna,data analyst,72044.24,72044.24
Business/Data Analyst,Horizontal Talent,"Brooklyn, Cuyahoga County",Adzuna,data analyst,54055.48,54055.48
Sr. Data Analyst,Horizontal Talent,"Brooklyn, Cuyahoga County",Adzuna,data analyst,93189.69,93189.69
IT Data Analyst,Kforce Technology Staffing,"North Brentwood, Prince George's County",Adzuna,data analyst,155397.12,155397.12
Data Analyst II,"Judge Group, Inc.","Bridgewater, Somerset County",Adzuna,data analyst,130423.67,130423.67
Sr. Data Analyst,Thermo Fisher Scientific,"Bloomfield, Allegheny County",Adzuna,data analyst,141504.72,141504.72
Enterprise Data Analyst,AMH,"Calabasas Hills, Los Angeles County",Adzuna,data analyst,83015.87,83015.87
Senior Data Analyst,Trans Union LLC,"Schiller Park, Cook County",Adzuna,data analyst,100558.66,100558.66
Data Analyst II,BlueCross BlueShield Of South Carolina,"Pineridge, Lexington County",Adzuna,data analyst,71238.52,71238.52
Data Analyst (Tableau),SSI People,"Progress, Washington County",Adzuna,data analyst,123002.65,123002.65
Data Analyst IV,Brooksource,"North Carolina, US",Adzuna,data analyst,139288.17,139288.17
Sr. Data Analyst,FedEx Office,"Cloverdale, Shelby County",Adzuna,data analyst,129940.48,129940.48
Senior Data Analyst,Swoon,"Chicago, Cook County",Adzuna,data analyst,89168.15,89168.15
Production Data Analyst,Inceed,"Catoosa, Rogers County",Adzuna,data analyst,63823.34,63823.34
MDG Data Analyst,Cypress HCM,"Los Angeles, Los Angeles County",Adzuna,data analyst,59024.75,59024.75
Data Analyst Manager,Feetures,"Charlotte, Clinton County",Adzuna,data analyst,115956.42,115956.42
Data Analyst - Customer Data,"TechLink Systems, Inc.","Alondra Park, Los Angeles County",Adzuna,data analyst,113338.7,113338.7
Principal Data Analyst (BOSTON),Takeda Pharmaceutical,"Boston, Suffolk County",Adzuna,data analyst,180671.88,180671.88
Technical Data Analyst,Georgia IT,"Warren, Somerset County",Adzuna,data analyst,74156.92,74156.92
Guidewire Data Analyst,K-Tek Resourcing LLC,"Highland Park, Dallas",Adzuna,data analyst,70102.24,70102.24
Guidewire Data Analyst,Excelon Solutions LLC,"Hayes Valley, San Francisco",Adzuna,data analyst,128820.13,128820.13
Sr. Data Analyst,"VDart, Inc.","Highland Park, Dallas",Adzuna,data analyst,95183.52,95183.52
Senior Data Analyst,Stellar IT Solutions,"Schiller Park, Cook County",Adzuna,data analyst,113769.7,113769.7
Data Analyst IV,PTR Global,"Palms, Los Angeles County",Adzuna,data analyst,130549.61,130549.61
Financial Data Analyst,Apex Systems,"Correll Park, Rowan County",Adzuna,data analyst,55125.93,55125.93
Jr Data Analyst,Rose IT Corp.,US,Adzuna,data analyst,54872.54,54872.54
Data Analyst III,"Russell, Tobin & Associates","Menlo Park, San Mateo County",Adzuna,data analyst,98794.23,98794.23
Sr Data Analyst,Prestige Staffing,"Northlake, DeKalb County",Adzuna,data analyst,198193.02,198193.02
Business/Data Analyst,Apex Systems,"Fountainebleau, Miami-Dade County",Adzuna,data analyst,77112.03,77112.03
Sr. Data Analyst,Openmind Technologies,US,Adzuna,data analyst,104277.16,104277.16
Senior Data Analyst,"iSpace, Inc","Textile Finance, Los Angeles County",Adzuna,data analyst,100758.81,100758.81
Business/Data Analyst,"Varite, Inc.","Newburgh Heights, Cuyahoga County",Adzuna,data analyst,95235.99,95235.99
Market Data Analyst,"Innova Solutions, Inc","Five Corners, Hudson County",Adzuna,data analyst,61642.4,61642.4
Data Analyst 4,"Russell, Tobin & Associates","Progress, Washington County",Adzuna,data analyst,112488.87,112488.87
Business Data Analyst,"Symbioun Technologies, Inc","Blue Hills, Hartford County",Adzuna,data analyst,103613.39,103613.39
Senior Data Analyst,"eSolutionsFirst, LLC","Pimmit, Fairfax County",Adzuna,data analyst,82885.18,82885.18
Data Analyst 3,"V-Soft Consulting Group, Inc","Chamberlayne, Henrico County",Adzuna,data analyst,69579.79,69579.79
Senior Data Analyst,Tandym Tech,"Convent Station, Morris County",Adzuna,data analyst,134434.98,134434.98
Business Data Analyst,Dhalite Inc.,"Highland Park, Dallas",Adzuna,data analyst,75975.4,75975.4
Data Analyst II,Xoriant Corporation,US,Adzuna,data analyst,71828.28,71828.28
Financial Data analyst,Stellar Professionals LLC,"Chamberlayne, Henrico County",Adzuna,data analyst,97461.54,97461.54
Senior Data Analyst,Tech Observer,US,Adzuna,data analyst,123723.12,123723.12
Senior Data Analyst,Datasire,"Richmond, Richmond County",Adzuna,data analyst,98425.48,98425.48
Network Data Analyst,Sriven Systems Inc.,US,Adzuna,data analyst,66184.7,66184.7
Healthcare Data Analyst,Apex Systems,"North Brentwood, Prince George's County",Adzuna,data analyst,80109.68,80109.68
Machine Learning Engineer,Lockheed Martin,"Fort Worth, Tarrant County",Adzuna,machine learning engineer,171952.02,171952.02
Senior Machine Learning Engineer,Lockheed Martin,"Fort Worth, Tarrant County",Adzuna,machine learning engineer,185793.66,185793.66
Senior AI Machine Learning Engineer,Lockheed Martin,"Fort Worth, Tarrant County",Adzuna,machine learning engineer,131292.12,131292.12
Lead Machine Learning Engineer,Capital One,"Prince, Manhattan",Adzuna,machine learning engineer,196285.69,196285.69
Senior Machine Learning Engineer,Capital One,"Pimmit, Fairfax County",Adzuna,machine learning engineer,271551.62,271551.62
Senior Lead Machine Learning Engineer,Capital One,"Prince, Manhattan",Adzuna,machine learning engineer,231138.61,231138.61
Sr. Distinguished Machine Learning Engineer,Capital One,"Pimmit, Fairfax County",Adzuna,machine learning engineer,163528.2,163528.2
"Senior Manager, Machine Learning Engineering",Capital One,"Pimmit, Fairfax County",Adzuna,machine learning engineer,195079.2,195079.2
Sr Lead Machine Learning Engineer,Capital One,"Prince, Manhattan",Adzuna,machine learning engineer,214860.92,214860.92
Machine Learning Engineer,"V-Soft Consulting Group, Inc.","Texas, US",Adzuna,machine learning engineer,84956.73,84956.73
Machine Learning Engineer,HTC Global Services Inc,"Dearborn, Wayne County",Adzuna,machine learning engineer,110958.96,110958.96
Machine Learning Engineer,Alderson Loop LLC,"Virginia, US",Adzuna,machine learning engineer,137521.47,137521.47
Lead Machine Learning Engineer - (Bank Tech),Capital One,"Pimmit, Fairfax County",Adzuna,machine learning engineer,234149.97,234149.97
Machine Learning Engineer,Booz Allen Hamilton,"Pimmit, Fairfax County",Adzuna,machine learning engineer,106912.84,106912.84
Machine Learning Engineer,"Meta Platforms, Inc. ","Menlo Park, San Mateo County",Adzuna,machine learning engineer,165915.62,165915.62
Machine Learning Engineer,Kforce Technology Staffing,"Northlake, DeKalb County",Adzuna,machine learning engineer,174013.28,174013.28
Machine Learning Engineer,Horizontal Talent,"Texas, US",Adzuna,machine learning engineer,75575.41,75575.41
Machine Learning Engineer,PaloAlto Networks,"California, US",Adzuna,machine learning engineer,109117.82,109117.82
Machine Learning Engineer,HTC Global Services,"Dearborn, Wayne County",Adzuna,machine learning engineer,119590.51,119590.51
Machine Learning Engineer,"Digipulse Technologies, Inc","Centerdale, Providence County",Adzuna,machine learning engineer,102042.04,102042.04
Machine Learning Engineer,IntraEdge,"Sunrise, Broward County",Adzuna,machine learning engineer,97226.86,97226.86
Machine Learning Engineer,Euclid Innovations,"Charlotte, Mecklenburg County",Adzuna,machine learning engineer,95668.57,95668.57
Machine Learning Engineer,"V-Soft Consulting Group, Inc","Highland Park, Dallas",Adzuna,machine learning engineer,85175.28,85175.28
Machine Learning Engineer,Stefanini,"Dearborn, Wayne County",Adzuna,machine learning engineer,158427.14,158427.14
Machine Learning Engineer,"Capgemini America, Inc.","Grand Central, Manhattan",Adzuna,machine learning engineer,134912.38,134912.38
Machine Learning Engineer Assistant,Thinkbox Co.,"California, US",Adzuna,machine learning engineer,71315.47,71315.47
Lead Machine Learning Engineer (Enterprise Platforms Technology),Capital One,"Prince, Manhattan",Adzuna,machine learning engineer,216707.23,216707.23
"Sr. Director, Machine Learning Engineering (Remote-Eligible)",Capital One,"Pimmit, Fairfax County",Adzuna,machine learning engineer,242589.05,242589.05
Sr. Distinguished Machine Learning Engineer (Remote-Eligible),Capital One,"Pimmit, Fairfax County",Adzuna,machine learning engineer,248978.84,248978.84
Senior Machine Learning Engineer,EPAM Systems,US,Adzuna,machine learning engineer,114759.16,114759.16
Machine Learning Engineer Principal,SAIC,"San Diego, San Diego County",Adzuna,machine learning engineer,196995.3,196995.3
Lead Machine Learning Engineer,EPAM Systems,US,Adzuna,machine learning engineer,108298.2,108298.2
Senior Machine Learning Engineer,FanDuel,"Northlake, DeKalb County",Adzuna,machine learning engineer,182725.23,182725.23
Sr. Machine Learning Engineer,PaloAlto Networks,"California, US",Adzuna,machine learning engineer,107034.74,107034.74
Staff Machine Learning Engineer,PaloAlto Networks,"California, US",Adzuna,machine learning engineer,113928.12,113928.12
Machine Learning Engineer (PhD Intern),Instacart,"Bowling Green, Warren County",Adzuna,machine learning engineer,86607.66,86607.66
Applied AI Engineer,Lockheed Martin,"Fort Worth, Tarrant County",Adzuna,AI engineer,189530.39,189530.39
Senior AI Engineer,Lockheed Martin,"Fort Worth, Tarrant County",Adzuna,AI engineer,136467.02,136467.02
AI Security Engineer,Lockheed Martin,"Stratmoor Hills, El Paso County",Adzuna,AI engineer,172858.62,172858.62
AI Platform Engineer,Lockheed Martin,"Fort Worth, Tarrant County",Adzuna,AI engineer,128684.09,128684.09
AI Security Engineer Manager,Lockheed Martin,"Stratmoor Hills, El Paso County",Adzuna,AI engineer,209614.83,209614.83
Senior AI Security Engineer,Lockheed Martin,"Stratmoor Hills, El Paso County",Adzuna,AI engineer,207525.72,207525.72
Adversarial AI Software Engineer,Lockheed Martin,"Stratmoor Hills, El Paso County",Adzuna,AI engineer,196027.16,196027.16
Adversarial AI Software Engineer (mid-career),Lockheed Martin,"Stratmoor Hills, El Paso County",Adzuna,AI engineer,205560.9,205560.9
Adversarial AI Software Engineer Associate Manager,Lockheed Martin,"Stratmoor Hills, El Paso County",Adzuna,AI engineer,200924.17,200924.17
AI Full Stack Engineer,Lockheed Martin,"King of Prussia, Montgomery County",Adzuna,AI engineer,165658.39,165658.39
AI Red Team Engineer,Lockheed Martin,"Stratmoor Hills, El Paso County",Adzuna,AI engineer,169840.0,169840.0
AI Hardware Engineer and Full Stack Engineer Staff,Lockheed Martin,"King of Prussia, Montgomery County",Adzuna,AI engineer,177455.88,177455.88
"Senior AI Research Engineer (Hybrid, Fort Worth, cleared)",Lockheed Martin,"Fort Worth, Tarrant County",Adzuna,AI engineer,155417.56,155417.56
Senior AI Red Team Engineer,Lockheed Martin,"Stratmoor Hills, El Paso County",Adzuna,AI engineer,199837.6,199837.6
"Staff AI Engineer, Perception",Agility Robotics,"Salem, Marion County",Adzuna,AI engineer,191123.12,191123.12
Lead AI Engineer,Capital One,"Pimmit, Fairfax County",Adzuna,AI engineer,236422.53,236422.53
Distinguished AI Engineer,Capital One,"Prince, Manhattan",Adzuna,AI engineer,200497.89,200497.89
Lead AI Engineer (AI Foundations),Capital One,"Pimmit, Fairfax County",Adzuna,AI engineer,158763.52,158763.52
"Lead AI Engineer, AI Foundations",Capital One,"Prince, Manhattan",Adzuna,AI engineer,164298.55,164298.55
Senior Distinguished AI Engineer,Capital One,"Prince, Manhattan",Adzuna,AI engineer,213682.45,213682.45
Sr. Distinguished AI Engineer,Capital One,"Pimmit, Fairfax County",Adzuna,AI engineer,197889.33,197889.33
Lead AI Engineer (MLX),Capital One,"Prince, Manhattan",Adzuna,AI engineer,167414.45,167414.45
Senior Lead AI Engineer,Capital One,"Prince, Manhattan",Adzuna,AI engineer,195664.06,195664.06
Sr. Lead AI Engineer,Capital One,"Pimmit, Fairfax County",Adzuna,AI engineer,186123.86,186123.86
Sr Distinguished AI Engineer,Capital One,"Pimmit, Fairfax County",Adzuna,AI engineer,198859.66,198859.66
Sr. Lead AI Engineer (AI Foundations),Capital One,"Prince, Manhattan",Adzuna,AI engineer,180079.44,180079.44
"Senior Lead AI Engineer, AI Foundations",Capital One,"Prince, Manhattan",Adzuna,AI engineer,178467.05,178467.05
AI Engineer,HTC Global Services Inc,"Mc Knight, Allegheny County",Adzuna,AI engineer,124130.62,124130.62
AI Engineer,Infinite Computer Solutions Inc,"Irving, Dallas",Adzuna,AI engineer,95545.84,95545.84
AI Engineer,Kforce Technology Staffing,"Chantilly, Fairfax County",Adzuna,AI engineer,142317.83,142317.83
AI Engineer,"Judge Group, Inc.","West Des Moines, Polk County",Adzuna,AI engineer,174085.48,174085.48
AI Engineer,Booz Allen Hamilton,"Pimmit, Fairfax County",Adzuna,AI engineer,132012.92,132012.92
AI Engineer,"Cayuse Holdings, LLC",US,Adzuna,AI engineer,141661.89,141661.89
AI Engineer,"Applied Business Software, Inc.","San Mateo, San Mateo County",Adzuna,AI engineer,182721.4,182721.4
AI Engineer,Eliassen Group,"South Boston, Suffolk County",Adzuna,AI engineer,133331.83,133331.83
Agentic AI Engineer,Tata Consultancy Services,"Santa Clara, Santa Clara County",Adzuna,AI engineer,61661.98,61661.98
AI Engineer,Zion Cloud Solutions,"Deerfield, Lake County",Adzuna,AI engineer,123128.46,123128.46
AI Engineer,"SolutionIT, Inc.",US,Adzuna,AI engineer,128934.56,128934.56
AI Engineer,Mindlance,"Mount Rainier, Prince George's County",Adzuna,AI engineer,86223.37,86223.37
AI Engineer,Collabera LLC,"Trammells, Harris County",Adzuna,AI engineer,91178.3,91178.3
AI Engineer,PeopleNTech,US,Adzuna,AI engineer,96812.34,96812.34
AI ENGINEER,Whiz Global LLC,"Trammells, Harris County",Adzuna,AI engineer,140987.47,140987.47
AI Engineer,New Digital IT Inc.,US,Adzuna,AI engineer,101328.7,101328.7
AI Engineer,VBeyond Corporation,"New Jersey, US",Adzuna,AI engineer,102868.46,102868.46
AI Engineer,Akshaya Inc,"Glendale, Denver",Adzuna,AI engineer,66218.84,66218.84
AI Engineer,SUNRAY INFORMATICS,"Bloomfield, Allegheny County",Adzuna,AI engineer,97616.8,97616.8
AI Engineer,InfiCare Technologies,"Grand Central, Manhattan",Adzuna,AI engineer,142222.3,142222.3
AI Engineer,Vaco by Highspring,US,Adzuna,AI engineer,139978.77,139978.77
AI Engineer,Compsciprep LLC,"Highland Park, Dallas",Adzuna,AI engineer,145134.48,145134.48
AI Engineer,ITBMS Inc.,"Grand Central, Manhattan",Adzuna,AI engineer,103560.94,103560.94
AI Engineer,BridgeNexus Technologies Inc,"Campbell, Santa Clara County",Adzuna,AI engineer,136625.62,136625.62
AI Engineer,Apex Systems,"Plano, Collin County",Adzuna,AI engineer,68004.02,68004.02
AI Engineer,APLOMB Technologies,"Fort Worth, Tarrant County",Adzuna,AI engineer,118237.82,118237.82
AI Engineer,Rishabh Software Pvt. Ltd,"Northpoint, Pulaski County",Adzuna,AI engineer,124112.75,124112.75
AI ENGINEER,"Empresent Global, LLC","Phoenix, Maricopa County",Adzuna,AI engineer,154164.88,154164.88
AI Engineer,AgreeYa Solutions,"Plano, Collin County",Adzuna,AI engineer,155309.4,155309.4
AI Engineer,DynPro Inc.,"Fremont, Alameda County",Adzuna,AI engineer,88490.86,88490.86
AI Engineer,System One,"Salt Lake City, Salt Lake County",Adzuna,AI engineer,116875.02,116875.02
AI Engineer,Whiztek Corp,"Schiller Park, Cook County",Adzuna,AI engineer,138210.55,138210.55
AI Engineer,Data Wave Technologies Inc,"Phoenix, Maricopa County",Adzuna,AI engineer,166354.97,166354.97
AI Engineer,"Innova Solutions, Inc","Sanger, Fresno County",Adzuna,AI engineer,62018.54,62018.54
AI Engineer,"Lorven Technologies, Inc.",US,Adzuna,AI engineer,123708.73,123708.73
AI Engineer,Synechron,US,Adzuna,AI engineer,125933.74,125933.74
Sr. Distinguished AI Engineer (Agentic AI Platform),Capital One,"Prince, Manhattan",Adzuna,AI engineer,278242.22,278242.22
Lead AI Engineer (Gen AI Platform Services),Capital One,"Prince, Manhattan",Adzuna,AI engineer,152340.17,152340.17
Gen AI Engineer Gen AI Engineer,Inherent Technologies,"Schiller Park, Cook County",Adzuna,AI engineer,88412.5,88412.5
AI Engineer,Thunderhawk Technology Partners,"Phoenix, Maricopa County",Adzuna,AI engineer,135082.58,135082.58
Senior AI Engineer,Genesis10,"Washington, Washington, D.C.",Adzuna,AI engineer,156674.47,156674.47
"Lead AI Engineer (AI Foundations, LLM Customization and Finetuning)",Capital One,"Prince, Manhattan",Adzuna,AI engineer,163258.31,163258.31
Agentic AI Engineer,BIZTECHNOSYS INFOTECH LLP,"Chelsea and Clinton, Manhattan",Adzuna,AI engineer,140326.42,140326.42
Senior Lead AI Engineer (FM Hosting),Capital One,"Pimmit, Fairfax County",Adzuna,AI engineer,160469.45,160469.45
Senior AI Engineer,"Judge Group, Inc.","West Des Moines, Polk County",Adzuna,AI engineer,166059.2,166059.2
Lead AI Engineer,EPAM Systems,US,Adzuna,AI engineer,125136.89,125136.89
AI Engineer ll,Kforce Technology Staffing,"Juno Beach, Palm Beach County",Adzuna,AI engineer,156421.12,156421.12
Lead AI Engineer,"Judge Group, Inc.","Fountainebleau, Miami-Dade County",Adzuna,AI engineer,253374.06,253374.06
GEN AI Engineer,"Judge Group, Inc.","Plano, Collin County",Adzuna,AI engineer,130497.58,130497.58
Senior AI Engineer,BigBear.ai,US,Adzuna,AI engineer,142290.69,142290.69
Generative AI Engineer,Omega Hires,"Phoenix, Maricopa County",Adzuna,AI engineer,147339.2,147339.2
Principal AI Engineer,"Judge Group, Inc.","West Des Moines, Polk County",Adzuna,AI engineer,192573.45,192573.45
Principal AI Engineer,Randstad Digital,"Virginia, US",Adzuna,AI engineer,116188.11,116188.11
Data & AI Engineer,"Judge Group, Inc.","Grand Central, Manhattan",Adzuna,AI engineer,241192.95,241192.95
Agentic AI Engineer,Booz Allen Hamilton,"Mount Rainier, Prince George's County",Adzuna,AI engineer,156822.77,156822.77
Junior AI Engineer,"Judge Group, Inc.","Salt Lake City, Salt Lake County",Adzuna,AI engineer,123383.42,123383.42
Python/AI Engineer,Software Guidance & Assistance,"Rutherford, Bergen County",Adzuna,AI engineer,144666.58,144666.58
Sr. Lead AI Engineer (Gen AI Platform Services),Capital One,"Prince, Manhattan",Adzuna,AI engineer,182633.25,182633.25
Senior Lead AI Engineer (Gen AI Platform Services),Capital One,"Pimmit, Fairfax County",Adzuna,AI engineer,169750.28,169750.28
Founding AI Engineer,AimHire,"Santa Clara, Santa Clara County",Adzuna,AI engineer,183730.16,183730.16
AI Engineer – Generative AI,VRDM TECHNOLOGIES INC.,"Fremont, Alameda County",Adzuna,AI engineer,117256.84,117256.84
AI Engineer Generative AI,IT commence llc,"Fremont, Alameda County",Adzuna,AI engineer,153969.6,153969.6
AI Engineer – Generative AI,Momento USA LLC,"Fremont, Alameda County",Adzuna,AI engineer,86631.53,86631.53
AI Engineer (Production AI),Engineering Square,"Hayes Valley, San Francisco",Adzuna,AI engineer,93701.04,93701.04
Senior AI Engineer,EPAM Systems,US,Adzuna,AI engineer,116532.55,116532.55
"Lead AI Engineer (AI Foundations, LLM Core and Agentic AI)",Capital One,"Pimmit, Fairfax County",Adzuna,AI engineer,157806.34,157806.34
Sr Data Engineer 1 - Data Modeling,Exelon,"Fox Valley Facility, DuPage County",Adzuna,data engineer,117858.43,117858.43
Sr Data Engineer - Applied Research & Decision Support,Cox Automotive,"Doraville, DeKalb County",Adzuna,data engineer,197099.78,197099.78
Data Engineer,ManTech International,"Chantilly, Fairfax County",Adzuna,data engineer,115000.0,160000.0
Lead Data Engineer/Data Engineer,State Farm,"Eastland Commons, McLean County",Adzuna,data engineer,150000.0,150000.0
Senior Data Engineer,ManTech International,"Chantilly, Fairfax County",Adzuna,data engineer,145000.0,180000.0
Data Engineer,Talent Software Services,"New York City, New York",Adzuna,data engineer,121572.64,121572.64
Data Engineer,Ready Foods Inc.,"Colorado, US",Adzuna,data engineer,105575.8,105575.8
Data Engineer,Genesis10,"Charlotte, Mecklenburg County",Adzuna,data engineer,97860.54,97860.54
Data Engineer,Vrddhi Solutions,"Johns Creek, Fulton County",Adzuna,data engineer,86501.42,86501.42
Data Engineers,"American Express Travel Related Services Company, Inc.","Arizona, US",Adzuna,data engineer,152034.8,152034.8
Data Engineer,"Ekman Associates, Inc","California, US",Adzuna,data engineer,123094.41,123094.41
Data Engineer,Precision Resources,"Dothan, Houston County",Adzuna,data engineer,144992.27,144992.27
Data Engineer,NRMP,US,Adzuna,data engineer,115727.96,115727.96
Data Engineer,"Cutsforth,LLC",US,Adzuna,data engineer,96865.08,96865.08
Data Engineer,Kforce Technology Staffing,"Juno Beach, Palm Beach County",Adzuna,data engineer,111847.57,111847.57
Data Engineer,Booz Allen Hamilton,"Offutt Air Force Base, Sarpy County",Adzuna,data engineer,129863.42,129863.42
Data Engineer,Decisionpoint Corporation,US,Adzuna,data engineer,80767.1,80767.1
Data Engineer,Visionaire Partners,US,Adzuna,data engineer,112785.23,112785.23
Data Engineer,Micro1 inc.,US,Adzuna,data engineer,121518.73,121518.73
Data Engineer,FanDuel,"Grand Central, Manhattan",Adzuna,data engineer,222196.52,222196.52
Data Engineer,Horizontal Talent,"Brooklyn Park, Hennepin County",Adzuna,data engineer,78531.38,78531.38
Data Engineer,"Judge Group, Inc.","Raleigh, Wake County",Adzuna,data engineer,244617.64,244617.64
Data Engineer,Software Guidance & Assistance,"Derwood, Montgomery County",Adzuna,data engineer,94939.01,94939.01
Data Engineer,SAIC,"Reston, Fairfax County",Adzuna,data engineer,265379.56,265379.56
Data Engineer,"Meta Platforms, Inc. ","Grand Central, Manhattan",Adzuna,data engineer,237119.14,237119.14
Data Engineer,TEKsystems c/o Allegis Group,"Kansas City, Jackson County",Adzuna,data engineer,173483.7,173483.7
Data Engineer,Redhorse Corporation,"Stephenson, Frederick County",Adzuna,data engineer,131025.83,131025.83
Data Engineer,Randstad Digital,"Pennsylvania, US",Adzuna,data engineer,102859.44,102859.44
Data Engineer,Eliassen Group,"Jacks Cabin, Gunnison County",Adzuna,data engineer,122468.09,122468.09
Data Engineer,VBeyond Corporation,"Denver, Colorado",Adzuna,data engineer,92062.72,92062.72
Data Engineer,MPower Plus,"Sunnyvale, Santa Clara County",Adzuna,data engineer,78451.36,78451.36
Data Engineer / Data Platform Engineer,Genesis10,"Charlotte, Mecklenburg County",Adzuna,data engineer,178448.33,178448.33
Data Engineer,"InfoVision, Inc.","Dearborn, Wayne County",Adzuna,data engineer,114792.43,114792.43
Data Engineer,C4 Technical Services,"Wisconsin, US",Adzuna,data engineer,122635.56,122635.56
Data Engineer,AaraTechnologies Inc,"Five Corners, Hudson County",Adzuna,data engineer,115895.4,115895.4
Data Engineer,Mastech Digital,"Roanoke, Denton County",Adzuna,data engineer,99066.98,99066.98
Data Engineer,Attractivate LLC,"Flowery Branch, Hall County",Adzuna,data engineer,101122.5,101122.5
Data Engineer,"Techridge, Inc.","South Boston, Suffolk County",Adzuna,data engineer,116126.96,116126.96
Data Engineer,"AQUA Information Systems, Inc.","Frazer, Chester County",Adzuna,data engineer,93137.0,93137.0
Data Engineer,Robert Half,"Alameda, Bernalillo County",Adzuna,data engineer,115087.08,115087.08
Data Engineer,CAYS Inc,"Five Corners, Hudson County",Adzuna,data engineer,145697.94,145697.94
Data Engineer,Veloc Inc.,"Chesapeake, Chesapeake City",Adzuna,data engineer,107646.8,107646.8
Data Engineer,Zion Cloud Solutions,"Deerfield, Lake County",Adzuna,data engineer,123971.51,123971.51
Data Engineer,Unique System Skills LLC,US,Adzuna,data engineer,141788.39,141788.39
Data Engineer,Sky Solutions LLC,"Tysons, Fairfax County",Adzuna,data engineer,117205.41,117205.41
Data Engineer,Resource 1,US,Adzuna,data engineer,98367.87,98367.87
Data Engineer,"Motion Recruitment Partners, LLC","Irving, Dallas",Adzuna,data engineer,109748.17,109748.17
Data Engineer,Promantis Inc,"Phoenix, Maricopa County",Adzuna,data engineer,111266.79,111266.79
Data Engineer,Apex Systems,"Hayes Valley, San Francisco",Adzuna,data engineer,88370.18,88370.18
Data Engineer,Prudent Technologies and Consulting,"Hayes Valley, San Francisco",Adzuna,data engineer,131559.84,131559.84
Data Engineer,"Ekman Associates, Inc.",US,Adzuna,data engineer,128032.98,128032.98
Data Engineer,Marici Solutions,"Grand Central, Manhattan",Adzuna,data engineer,119966.32,119966.32
Data Engineer,SPECTRAFORCE TECHNOLOGIES Inc.,"Smyrna, Cobb County",Adzuna,data engineer,127415.41,127415.41
Data Engineer,Dexian DISYS,"Roanoke, Denton County",Adzuna,data engineer,110229.74,110229.74
Data Engineer,MHK TECH INC,US,Adzuna,data engineer,97775.27,97775.27
Data Engineer,Futuremindz llc,US,Adzuna,data engineer,87372.8,87372.8
Data Engineer,"California SoftTech, Inc.",US,Adzuna,data engineer,127078.54,127078.54
Data Engineer,Tandym Tech,"Englewood Cliffs, Bergen County",Adzuna,data engineer,164553.05,164553.05
Data Engineer,"Request Technology, LLC","Schiller Park, Cook County",Adzuna,data engineer,175025.2,175025.2
Data Engineer,Recruit Professional Services,"Pluckemin, Somerset County",Adzuna,data engineer,74665.23,74665.23
Data Engineer,"DVI Technologies, Inc.","Bloomfield, Allegheny County",Adzuna,data engineer,127133.21,127133.21
Data Engineer,StackNexus Inc.,"Charlotte, Mecklenburg County",Adzuna,data engineer,111032.32,111032.32
Data Engineer,SYSTEM SOFT TECHNOLOGIES LLC,"Burnham, Cook County",Adzuna,data engineer,166279.48,166279.48
Data Engineer,Hire IT People,"Highland Park, Dallas",Adzuna,data engineer,124718.47,124718.47
Data Engineer,SDH Systems,"Highland Park, Dallas",Adzuna,data engineer,86126.88,86126.88
Data Engineer,Acuity Knowledge Partners  Inc.,"Charlotte, Mecklenburg County",Adzuna,data engineer,134616.0,134616.0
Data Engineer,ISite Technologies Inc,"Highland Park, Dallas",Adzuna,data engineer,145490.08,145490.08
Data Engineer,Beacon Hill,"Fountainebleau, Miami-Dade County",Adzuna,data engineer,98837.66,98837.66
Data Engineer,"Edify Technologies, Inc.",US,Adzuna,data engineer,106093.38,106093.38
Data Engineer,Stefanini,"Dearborn, Wayne County",Adzuna,data engineer,104258.77,104258.77
Data Engineer,BCforward,"Jacks Cabin, Gunnison County",Adzuna,data engineer,130846.02,130846.02
Data Engineer,IntraEdge,"Grand Central, Manhattan",Adzuna,data engineer,116153.1,116153.1
Data Engineer,ACCLiiVE,"Highland Park, Dallas",Adzuna,data engineer,183013.52,183013.52
Data Engineer,Xoriant Corporation,"Richmond, Richmond County",Adzuna,data engineer,126352.14,126352.14
Data Engineer,MARS IT,"Saint Francis, Milwaukee County",Adzuna,data engineer,177311.08,177311.08
Data Engineer,"Neo Prism Solutions, LLC",US,Adzuna,data engineer,88207.17,88207.17
Data Engineer,The Avian Consulting LLC,"Glendale, Denver",Adzuna,data engineer,136954.77,136954.77
Data Engineer,Vaco by Highspring,"Grand Central, Manhattan",Adzuna,data engineer,240105.58,240105.58
Data Engineer,Apexon,"Five Corners, Hudson County",Adzuna,data engineer,176746.17,176746.17
Data Engineer,Aditi Consulting,"Scottsdale, Maricopa County",Adzuna,data engineer,122507.22,122507.22
Data Engineer,"Ace Technologies, Inc.","Westlake, Denton County",Adzuna,data engineer,156535.72,156535.72
Data Engineer,People Tech Group,"Redmond, King County",Adzuna,data engineer,175540.73,175540.73
Data Engineer,DATASYS CONSULTING & SOFTWARE INC,"Grand Central, Manhattan",Adzuna,data engineer,124988.52,124988.52
Data Engineer,The Atlantic Group,"Glenville, Fairfield County",Adzuna,data engineer,151017.34,151017.34
Data Engineer,Arthur Lawrence,US,Adzuna,data engineer,103662.81,103662.81
Data Engineer (GCP),HTC Global Services Inc,"Dearborn, Wayne County",Adzuna,data engineer,86530.46,86530.46
Data Engineer - Senior,HTC Global Services Inc,"Fort Wayne, Allen County",Adzuna,data engineer,109162.78,109162.78
Data Engineer/Analyst,InfoVision,"Irving, Dallas",Adzuna,data engineer,188884.4,188884.4
Data Engineer - Hybrid,Genesis10,"Charlotte, Mecklenburg County",Adzuna,data engineer,94138.94,94138.94
Data Engineer Data Platforms,S Linx LLC,"Lauderdale, Ramsey County",Adzuna,data engineer,148931.47,148931.47
Junior Data Engineer Data Engineering (With Retail Domain),Alchemy Software Solutions LLC,"Minerva Park, Franklin County",Adzuna,data engineer,115483.98,115483.98
"Data Engineer, Analytics & Data Engineering with Security Clearance",Amazon,"State Farm, Arlington County",Adzuna,data engineer,212707.55,212707.55
Data Engineer,PNC Financial Services Group,"Farmers Branch, Dallas",Adzuna,data engineer,109848.59,109848.59
Data Scientist,Tinder,"Los Angeles, CA",LinkedIn,data scientist,,
Research Scientist,Savor,"San Jose, CA",LinkedIn,data scientist,,
Data Scientist,Samba TV,"San Francisco, CA",LinkedIn,data scientist,,
Data Scientist,Los Angeles Lakers,"El Segundo, CA",LinkedIn,data scientist,,
Machine Learning Engineer,Coforge,"Richmond, VA",LinkedIn,data scientist,,
Data Scientist,hackajob,"Philadelphia, PA",LinkedIn,data scientist,,
Machine Learning Engineer Intern,Tinder,"Palo Alto, CA",LinkedIn,data scientist,,
Data Scientist,Skechers,"Manhattan Beach, CA",LinkedIn,data scientist,,
Data Scientist,CHANEL,"New York, United States",LinkedIn,data scientist,,
Data Scientist (L5) - Content Understanding,Netflix,United States,LinkedIn,data scientist,,
"Data Scientist, Analytics",Discord,San Francisco Bay Area,LinkedIn,data scientist,,
Data Scientist (L5) - Cloud Games Quality of Experience,Netflix,United States,LinkedIn,data scientist,,
Machine Learning Engineer,hackajob,"Washington, DC",LinkedIn,data scientist,,
Clinical Research Scientist,Insight Global,United States,LinkedIn,data scientist,,
"Machine Learning Engineer, Robot Learning, Loco-Manipulation",Path Robotics,"Columbus, OH",LinkedIn,data scientist,,
Data Scientist,Cint,United States,LinkedIn,data scientist,,
Data Scientist 5 - Member Value Research,Netflix,United States,LinkedIn,data scientist,,
Data Scientist 4/5 - Identity DSE,Netflix,United States,LinkedIn,data scientist,,
Data Scientist,MedReview Inc.,"Austin, TX",LinkedIn,data scientist,,
Machine Learning Engineer,Upperline Health,United States,LinkedIn,data scientist,,
"Data Scientist, Product Analytics",Meta,"New York, NY",LinkedIn,data scientist,,
Machine Learning Engineer (L4/L5) - Emerging Game Technologies,Netflix,"Los Angeles, CA",LinkedIn,data scientist,,
Data Scientist,Google,"San Bruno, CA",LinkedIn,data scientist,,
Data Scientist,Opendoor,"Seattle, WA",LinkedIn,data scientist,,
Machine Learning Researcher | Remote,Crossing Hurdles,United States,LinkedIn,data scientist,,
Data Scientist,Samsung Ads,"Mountain View, CA",LinkedIn,data scientist,,
Data Scientist,Great Value Hiring,United States,LinkedIn,data scientist,,
Data Scientist - Campus Full-Time,Two Sigma,"New York, United States",LinkedIn,data scientist,,
Data Scientist I,EchoStar Corporation,"Englewood, CO",LinkedIn,data scientist,,
Data Scientist,OpenArt AI,San Francisco Bay Area,LinkedIn,data scientist,,
Machine Learning Ops Engineer II,Sheetz,"Pittsburgh, PA",LinkedIn,data scientist,,
Data Scientist,H&R Block,"Missouri, United States",LinkedIn,data scientist,,
Data Scientist,Bumble Inc.,"Austin, TX",LinkedIn,data scientist,,
"Senior Machine Learning Engineer (Tech Lead), Robot Learning, Loco- Manipulation",Path Robotics,"Columbus, OH",LinkedIn,data scientist,,
Data Scientist,Twitch,"San Francisco, CA",LinkedIn,data scientist,,
Data Scientist,MORSE Corp,Greater Boston,LinkedIn,data scientist,,
Data Scientist | Remote,Crossing Hurdles,United States,LinkedIn,data scientist,,
Data Scientist,Paramount,"West Hollywood, CA",LinkedIn,data scientist,,
"Data Scientist, Ads","Reddit, Inc.",United States,LinkedIn,data scientist,,
Jr. Data Scientist,Agility Partners,"Dublin, OH",LinkedIn,data scientist,,
Data Scientist,Capgemini,"Seattle, WA",LinkedIn,data scientist,,
"Data Scientist, B2B",OpenAI,Buffalo-Niagara Falls Area,LinkedIn,data scientist,,
Senior Data Scientist,Roku,"San Jose, CA",LinkedIn,data scientist,,
Data Scientist,"Take2 Consulting, LLC","Springfield, VA",LinkedIn,data scientist,,
Data Scientist - Entry,KellyMitchell Group,"Denver, CO",LinkedIn,data scientist,,
Data Scientist,Stott and May,"New York, NY",LinkedIn,data scientist,,
"Data Scientist, New Grad",SentiLink,"New York, NY",LinkedIn,data scientist,,
"Data Scientist, Preparedness",OpenAI,"San Francisco, CA",LinkedIn,data scientist,,
Data Scientist - Statistics & Modeling,Caris Life Sciences,"Irving, TX",LinkedIn,data scientist,,
Data Scientist,Berkshire Partners,"Boston, MA",LinkedIn,data scientist,,
Data Scientist L6 - Games Portfolio,Netflix,United States,LinkedIn,data scientist,,
"Staff Data Scientist, Marketing",Asana,"San Francisco, CA",LinkedIn,data scientist,,
Data Analyst I,Acorns,United States,LinkedIn,data analyst,,
Data Analyst,Quest Global,"Sunnyvale, CA",LinkedIn,data analyst,,
Data Analyst,ExxonMobil,"Houston, TX",LinkedIn,data analyst,,
"Data Analyst, Production Finance Operations & Innovation",Netflix,"Los Angeles, CA",LinkedIn,data analyst,,
Data Analyst,Loenbro,"Westminster, CO",LinkedIn,data analyst,,
"Data Analyst, RCX",Amazon,"Bellevue, WA",LinkedIn,data analyst,,
Data Analyst,Exodus Integrity Services | IT Staffing & Consulting,Greater Cleveland,LinkedIn,data analyst,,
Data Analyst,Veriforce,"Burlington, MA",LinkedIn,data analyst,,
Staff Data Analyst,Okta,"New York, NY",LinkedIn,data analyst,,
Data Analyst,Celigo,United States,LinkedIn,data analyst,,
Data Analyst,Inizio Partners,New York City Metropolitan Area,LinkedIn,data analyst,,
Data Analyst,Funko,"Everett, WA",LinkedIn,data analyst,,
Data Analyst (Central Analytics),Hadrian,"Los Angeles, CA",LinkedIn,data analyst,,
Business Intelligence Analyst / Data Analyst (SQL),Waymo,"San Francisco, CA",LinkedIn,data analyst,,
Data Analyst,Synergis,"Cupertino, CA",LinkedIn,data analyst,,
"Service Data Analyst - Morrisville, NC",Lenovo,"North Carolina, United States",LinkedIn,data analyst,,
"Data Analyst, Baseball Data Platform",Major League Baseball (MLB),"San Francisco, CA",LinkedIn,data analyst,,
Junior Data Analyst,Helic & Co.,United States,LinkedIn,data analyst,,
"Data Analyst, Employee Service Center",Zillow,United States,LinkedIn,data analyst,,
Data Analyst,Analytica,"Bethesda, MD",LinkedIn,data analyst,,
Data Analyst I,Stackline,"Seattle, WA",LinkedIn,data analyst,,
Data Analyst,CAVA,"Washington, DC",LinkedIn,data analyst,,
Data Analyst,ADF Medical,"New York, NY",LinkedIn,data analyst,,
Data Analyst,Prosum,United States,LinkedIn,data analyst,,
Data Analyst,Solomon Page,"Los Angeles, CA",LinkedIn,data analyst,,
Data Analyst - Global Growth Luxury Strategy,Lyft,"New York, NY",LinkedIn,data analyst,,
"Data Analyst, Product & Distribution Strategy Analytics",hackajob,"Malvern, PA",LinkedIn,data analyst,,
Data Analyst,Wilson Elser,"New York, NY",LinkedIn,data analyst,,
Data Analyst,Talent Glider,United States,LinkedIn,data analyst,,
"Data Analyst, Merchandising",REVOLVE,"Cerritos, CA",LinkedIn,data analyst,,
Data Insights Analyst,Modivcare,Denver Metropolitan Area,LinkedIn,data analyst,,
Data Analyst,Realtor.com,"Austin, TX",LinkedIn,data analyst,,
Data Analyst,The Home Depot,"Pomona, CA",LinkedIn,data analyst,,
Data Analyst,Prestige Staffing,"New York, NY",LinkedIn,data analyst,,
Data Analyst,IDB Bank,"New York, NY",LinkedIn,data analyst,,
Data Analyst | Remote,Crossing Hurdles,United States,LinkedIn,data analyst,,
"Data Analyst, Data Intelligence",Acrisure,"Austin, TX",LinkedIn,data analyst,,
"Data Analyst, Digital Finance",Warner Music Group,"Los Angeles, CA",LinkedIn,data analyst,,
Data Analyst,Accylerate,"Mechanicsville, VA",LinkedIn,data analyst,,
Senior Data Analyst,SKIMS,"Los Angeles, CA",LinkedIn,data analyst,,
Data Analyst - Remote,CodeGeniusRecruit,United States,LinkedIn,data analyst,,
Global Data Analyst,Dermalogica,"Carson, CA",LinkedIn,data analyst,,
Data Analyst,Fidelity Investments,"Smithfield, RI",LinkedIn,data analyst,,
Data Analyst,Coframe,"San Francisco, CA",LinkedIn,data analyst,,
Data Analyst,Soho Square Solutions,"McLean, VA",LinkedIn,data analyst,,
Data Analyst,Swoon,"Chicago, IL",LinkedIn,data analyst,,
Data Analyst | $80/hr Remote,Crossing Hurdles,United States,LinkedIn,data analyst,,
Software Engineer,State Farm,"Bloomington, IL",LinkedIn,machine learning engineer,,
"Software Engineer, New Grad (AI)",Notion,"San Francisco, CA",LinkedIn,machine learning engineer,,
"Software Engineer, New Grad",Notion,"San Francisco, CA",LinkedIn,machine learning engineer,,
"Software Engineer
Remote",schireson,"New York, NY",LinkedIn,machine learning engineer,,
Software Engineer I,Twitch,"San Francisco, CA",LinkedIn,machine learning engineer,,
"Software Engineer, Airbnb - New Grad",Airbnb,"San Francisco, CA",LinkedIn,machine learning engineer,,
"Data Scientist, Media Consultant
New York, NY",schireson,"New York, NY",LinkedIn,machine learning engineer,,
Machine Learning Engineer,Spotify,"New York, NY",LinkedIn,machine learning engineer,,
Software Development Engineer,Audible,"Cambridge, MA",LinkedIn,machine learning engineer,,
Machine Learning Engineer,Twilio,United States,LinkedIn,machine learning engineer,,
"Machine Learning Engineer, Lyft Business",Lyft,"San Francisco, CA",LinkedIn,machine learning engineer,,
Data Scientist - Mid,KellyMitchell Group,"Denver, CO",LinkedIn,machine learning engineer,,
Machine Learning Engineer - College Graduate,Qualcomm,"San Diego, CA",LinkedIn,machine learning engineer,,
Junior AI Software Engineer,ERISA Recovery,"Plano, TX",LinkedIn,machine learning engineer,,
Machine Learning Engineer,"Reddit, Inc.",United States,LinkedIn,machine learning engineer,,
Associate Data Scientist,Cadent,"New York, NY",LinkedIn,machine learning engineer,,
AIML Data Scientist,Kastech Software Solutions Group,United States,LinkedIn,machine learning engineer,,
Software Engineer – AI & ML Infrastructure,Path Robotics,"Columbus, OH",LinkedIn,machine learning engineer,,
"Software Engineer, Machine Learning",Meta,"Menlo Park, CA",LinkedIn,machine learning engineer,,
Machine Learning Engineer I,Handshake,"San Francisco, CA",LinkedIn,machine learning engineer,,
"Software Engineer II, RLE",Handshake,"San Francisco, CA",LinkedIn,machine learning engineer,,
Machine Learning Engineer - New Grad 2026,Nextdoor,"San Francisco, CA",LinkedIn,machine learning engineer,,
Software Development Engineer I,GM Financial,"Arlington, TX",LinkedIn,machine learning engineer,,
AI Model Systems Software Engineer,Qualcomm,"San Diego, CA",LinkedIn,machine learning engineer,,
"Software Engineer L4/L5 Training Platform, Machine Learning Platform",Netflix,United States,LinkedIn,machine learning engineer,,
"Data Scientist (Generative AI Focus)
New York, NY",schireson,"New York, NY",LinkedIn,machine learning engineer,,
Machine Learning Engineer,Adobe,"San Jose, CA",LinkedIn,machine learning engineer,,
Machine Learning Engineer,Ikigai,"Cambridge, MA",LinkedIn,machine learning engineer,,
"Software Engineer, ROS Developer",FieldAI,"Irvine, CA",LinkedIn,machine learning engineer,,
"Software Engineer L4/L5, Model Serving Systems, Machine Learning Platform",Netflix,United States,LinkedIn,machine learning engineer,,
Data Scientist,Phaidon International,New York City Metropolitan Area,LinkedIn,machine learning engineer,,
Machine Learning Engineer,PayPal,"Chicago, IL",LinkedIn,machine learning engineer,,
Machine Learning Engineer (Tapestry),"X, The Moonshot Factory","Mountain View, CA",LinkedIn,machine learning engineer,,
"Senior Software Engineer, Front-End",Quicken,"Menlo Park, CA",LinkedIn,machine learning engineer,,
Machine Learning Engineer - 1,Parspec,"San Mateo, CA",LinkedIn,machine learning engineer,,
Software Engineer 3,Onto Innovation,"Wilmington, MA",LinkedIn,machine learning engineer,,
AI/ML Machine Learning Engineer,Lockheed Martin,"California, United States",LinkedIn,machine learning engineer,,
Data Engineer (L5),Netflix,United States,LinkedIn,data engineer,,
Data Engineer,The Scion Group,"Chicago, IL",LinkedIn,data engineer,,
Data Engineer,Twitch,"San Francisco, CA",LinkedIn,data engineer,,
"Data Engineer II, Zappos Analytics",Zappos,"New York, NY",LinkedIn,data engineer,,
"Data Engineer, Finance",Notion,"San Francisco, CA",LinkedIn,data engineer,,
Junior Data Engineer,hackajob,"Washington, DC",LinkedIn,data engineer,,
Data Engineer,Zoox,"Foster City, CA",LinkedIn,data engineer,,
Data Engineer,Pella Corporation,"Urbandale, IA",LinkedIn,data engineer,,
Data Engineer,ARB Interactive,United States,LinkedIn,data engineer,,
Data Engineer Intern,Cornspring,"New York, NY",LinkedIn,data engineer,,
Data Engineer,Verse Medical,"New York, NY",LinkedIn,data engineer,,
Data Engineer,xAI,"Palo Alto, CA",LinkedIn,data engineer,,
Data Engineer,Tapestry,"New York, NY",LinkedIn,data engineer,,
Data Engineer II,American Express,"New York, NY",LinkedIn,data engineer,,
Data Engineer (Python/Spark),Take-Two Interactive,"Austin, TX",LinkedIn,data engineer,,
Data Engineer,Temu,United States,LinkedIn,data engineer,,
Data Engineer 5 - Privacy,Netflix,United States,LinkedIn,data engineer,,
"Data Engineer (Python, SQL, AWS)-- SHADC5784192",Compunnel Inc.,"Durham, NC",LinkedIn,data engineer,,
Data Engineer I,Direct Companies,"Sioux Falls, SD",LinkedIn,data engineer,,
Data Engineer,HexArmor,"Grand Rapids, MI",LinkedIn,data engineer,,
Junior Software Engineer,hackajob,"Annapolis Junction, MD",LinkedIn,data engineer,,
"Python/Data Engineer - SMA Solutions, Associate",BlackRock,"San Francisco, CA",LinkedIn,data engineer,,
Data Engineer,Electronic Arts (EA),"Orlando, FL",LinkedIn,data engineer,,
Data Engineer,The Value Maximizer,"California, United States",LinkedIn,data engineer,,
Data Engineer,Book of the Month,"New York, NY",LinkedIn,data engineer,,
Data Engineer Intern,Cadent,"New York, NY",LinkedIn,data engineer,,
Data Engineer,OpenAI,"San Francisco, CA",LinkedIn,data engineer,,
Data Engineer Intern,Hillpointe,"Winter Park, FL",LinkedIn,data engineer,,
Data Engineer,Tesla,"Fremont, CA",LinkedIn,data engineer,,
"Data Engineer I (ETL, PySpark, SQL)",Travelers,"Atlanta, GA",LinkedIn,data engineer,,
Data Engineer,Edmunds,United States,LinkedIn,data engineer,,
Data Engineer Intern (Data Platfrom TikTok BP) - 2026 Summer (BS/MS),TikTok,"San Jose, CA",LinkedIn,data engineer,,
Data Engineer,Addison Group,"Irving, TX",LinkedIn,data engineer,,
Data Engineer,Silverchair,United States,LinkedIn,data engineer,,
Software Engineer 5 - Ads Data Clean Room,Netflix,"Los Gatos, CA",LinkedIn,data engineer,,
Junior Data Engineer,UST,"California, United States",LinkedIn,data engineer,,
Junior Data Engineer,Medlytix,"Roswell, GA",LinkedIn,data engineer,,
Data Engineer (f/m/d) (part-/full-time),European Energy Exchange AG,"Clearing, IL",LinkedIn,data engineer,,
Data Engineer,Slang AI,"New York, NY",LinkedIn,data engineer,,
Associate Data Engineer,Candid,"New York, NY",LinkedIn,data engineer,,
Data Engineer,Avenue Code,United States,LinkedIn,data engineer,,
Data Engineer,Figma,"San Francisco, CA",LinkedIn,data engineer,,
Data Engineer,Kharon,"Denver, CO",LinkedIn,data engineer,,
Senior Data Engineer,Hinge,"New York, NY",LinkedIn,data engineer,,
Senior Data Engineer - Data Engineering,Plaid,"San Francisco, CA",LinkedIn,data engineer,,
Data Engineer,Baselayer,"San Francisco, CA",LinkedIn,data engineer,,
Applied AI/ML Engineer,Replica,"San Francisco, CA",LinkedIn,AI engineer,,
ML/AI Engineer,Ludo Robotics,"San Francisco, CA",LinkedIn,AI engineer,,
Applied AI / ML Engineer,Catalyst Labs,"California, United States",LinkedIn,AI engineer,,
"Machine Learning Engineer - LLM, AI & Robotics",XPENG,"Santa Clara, CA",LinkedIn,AI engineer,,
AI Engineer,BayRock Labs,Greater Syracuse-Auburn Area,LinkedIn,AI engineer,,
Backend Python Developer – AI/ML,Snowrelic Inc,"Orlando, FL",LinkedIn,AI engineer,,
Machine Learning Engineer,LIMI AI,"Palo Alto, CA",LinkedIn,AI engineer,,
AI/ML Engineer,Artemis Security,"New York, NY",LinkedIn,AI engineer,,
"Machine Learning Engineer, Agentic AI",Zillow,United States,LinkedIn,AI engineer,,
AI Engineer – Generative AI,Commergence,"Fremont, CA",LinkedIn,AI engineer,,
Artificial Intelligence Engineer,InterEx Group,"Texas, United States",LinkedIn,AI engineer,,
"AI Engineer/ML Engineer  - Senior Developers - AI Training - San Diego, USA",Prolific,"San Diego, CA",LinkedIn,AI engineer,,
AI/ML Developer,Calpion Inc.,"Indiana, United States",LinkedIn,AI engineer,,
"Software Engineer, Next Generation AI/ML Infrastructure",Google,"Sunnyvale, CA",LinkedIn,AI engineer,,
"Research Engineer, AI",Biohub,"Redwood City, CA",LinkedIn,AI engineer,,
"Full-Stack Engineer 5 –  AI Insights & Visualizations, AI Platform",Netflix,United States,LinkedIn,AI engineer,,
"Machine Learning Engineer, AI Inference Solutions (University Grad)",General Motors,"Sunnyvale, CA",LinkedIn,AI engineer,,
Software Engineer - Applied AI,WorkOS,"New York, NY",LinkedIn,AI engineer,,
"AI Engineer/ML Engineer  - Senior Developers - AI Training - Austin, US",Prolific,"Austin, TX",LinkedIn,AI engineer,,
AI/ML Engineer,Rulebase (YC F24),"New York, NY",LinkedIn,AI engineer,,
AI/ML Engineer,"Hilo Aviation, Inc.",United States,LinkedIn,AI engineer,,
"Software Engineer, AI Automation",Paces,"Brooklyn, NY",LinkedIn,AI engineer,,
AI Product Engineer,Employ,"Austin, TX",LinkedIn,AI engineer,,
Machine Learning Engineer 5 - Globalization,Netflix,United States,LinkedIn,AI engineer,,
Junior AI/ML Engineer (Data & Cloud Platforms),Mod Op,"Atlanta, GA",LinkedIn,AI engineer,,
AI/ML Quantitative Developer,Acquire Me,"New York, United States",LinkedIn,AI engineer,,
Artificial Intelligence Engineer,RandomTrees,"Columbus, Ohio Metropolitan Area",LinkedIn,AI engineer,,
AI/ML Engineers,OVA.Work,"Alpharetta, GA",LinkedIn,AI engineer,,
"Machine Learning Engineer, Ads Personalization",Paramount,"New York, NY",LinkedIn,AI engineer,,
Machine Learning Engineer,Goliath Partners,"New York, United States",LinkedIn,AI engineer,,
Artificial Intelligence Engineer,Park Square Homes,Greater Orlando,LinkedIn,AI engineer,,
Artificial Intelligence Engineer,Stott and May,"New York, NY",LinkedIn,AI engineer,,
"Machine Learning Engineer, ML Resources",Waymo,"Mountain View, CA",LinkedIn,AI engineer,,
"AI Engineer/ML Engineer  - Senior Developers - AI Training - Denver, US",Prolific,"Denver, CO",LinkedIn,AI engineer,,
AI/ML Engineer - Python &amp,SIDRAM TECHNOLOGIES,"Reston, VA",LinkedIn,AI engineer,,
Machine Learning Engineer - Personalization,Spotify,"New York, NY",LinkedIn,AI engineer,,
Jr. AI Engineer- Python,BeaconFire Inc.,"California, United States",LinkedIn,AI engineer,,
AI Engineer,PepsiCo,"Purchase, NY",LinkedIn,AI engineer,,
Artificial Intelligence Engineer,Addison Group,"Houston, TX",LinkedIn,AI engineer,,
Ai Engineer Internship,Rebel Athletic,"Carrollton, TX",LinkedIn,AI engineer,,
Machine Learning Engineer,NotCo AI,San Francisco Bay Area,LinkedIn,AI engineer,,
Python Developer - AI/ML applications,Mphasis,"New York, United States",LinkedIn,AI engineer,,
Python AI/ML Developer,Kforce Inc,"Wilmington, DE",LinkedIn,AI engineer,,
"Software Engineer (SWE/SWE II), AI Platform- Slack",Slack,"Seattle, WA",LinkedIn,AI engineer,,
AI Developer,Zekelman Industries,United States,LinkedIn,AI engineer,,
Machine Learning Engineer,PhysicsX,"Manhattan, NY",LinkedIn,AI engineer,,
ML Engineer,NOX METALS,"Detroit, MI",LinkedIn,AI engineer,,
Junior AI Engineer,Onto Innovation,"Wilmington, MA",LinkedIn,AI engineer,,
"Software Engineer, AI Platform - New Grad",Nuro,"Mountain View, CA",LinkedIn,AI engineer,,
Machine Learning Engineer,Baselayer,"San Francisco, CA",LinkedIn,AI engineer,,
"ML Engineer, RL & Autonomous Discovery",Terray Therapeutics,United States,LinkedIn,AI engineer,,
Applied ML Engineer - Computer Vision,Prestige Staffing,"New York, NY",LinkedIn,AI engineer,,
Machine Learning (ML) / Data Engineer,Moser Consulting,"Indianapolis, IN",LinkedIn,AI engineer,,
AI Product Engineer,Samba TV,"San Francisco, CA",LinkedIn,AI engineer,,
Machine Learning Engineer,Lenovo,"Chicago, IL",LinkedIn,AI engineer,,
AI Engineer (Intern),Juniper Square,"Raleigh, NC",LinkedIn,AI engineer,,
Machine Learning Engineer - 1,Building Ventures,"San Mateo, CA",LinkedIn,AI engineer,,
AI/ML ENGINEER,VySystems,"California, United States",LinkedIn,AI engineer,,
AI /ML Engineer,GLOBO,"Philadelphia, PA",LinkedIn,AI engineer,,
Software Engineer - AI,VISO TRUST,"San Francisco, CA",LinkedIn,AI engineer,,
Artificial Intelligence/ Machine Learning Developer,Unissant,"Ashburn, VA",LinkedIn,AI engineer,,
Founding Engineer ($170K - $250K + 0.5% - 1.5% Equity) at Healthcare AI startup backed by Scale AI Angels,CoffeeSpace,San Francisco Bay Area,LinkedIn,AI engineer,,
AI/ML - Engineer,Veracity Software Inc,"Atlanta, GA",LinkedIn,AI engineer,,
ML/AI  Engineer,AMD,"Austin, TX",LinkedIn,AI engineer,,
AI/ML Engineer,Brain Co.,San Francisco Bay Area,LinkedIn,AI engineer,,
Machine Learning Engineer,Revelation Pharma,United States,LinkedIn,AI engineer,,
Artificial Intelligence Engineer,NeuBird AI,San Francisco Bay Area,LinkedIn,AI engineer,,
Machine Learning Engineer (Remote),Astrix,"South San Francisco, CA",LinkedIn,AI engineer,,
Senior AI Data Engineer- Vice President,Citi,"New York, NY 10012(Greenwich Village area)",Indeed,data scientist,,
"Head of AI Data Science, Intelligence Ventures",SPECTRUM,"New York, NY 10036",Indeed,data scientist,,
"Data Scientist II, AWS Managed Operations Data Science (MODS)",Amazon.com Services LLC,"Arlington, VA",Indeed,data scientist,,
"Senior Data Scientist, SPB Global Optimization",Amazon.com Services LLC,"New York, NY",Indeed,data scientist,,
Data Scientist - AI Trainer,DataAnnotation,"Remote in Manassas, VA",Indeed,data scientist,,
"Sr. Specialist, Data Scientist (L4)","Apollo Professional Solutions, Inc.","Canoga Park, CA 91304",Indeed,data scientist,,
"Director, Commercial Data Science and Advanced Analytics",Genmab,"Princeton, NJ 08536",Indeed,data scientist,,
Data Scientist / Generative AI Data Engineer,Drive and Shine,"Granger, IN 46530",Indeed,data scientist,,
Data Scientist,CACI,"Chantilly, VA 20151",Indeed,data scientist,,
Principal Machine Learning Scientist (Language Models),Perforated AI,Remote,Indeed,data scientist,,
"Senior Manager, Data Science - AI Foundations",Capital One,"McLean, VA 22101",Indeed,data scientist,,
"Hybrid Remote Data Analyst in Southington, CT",Company Confidential,"Hybrid work in Southington, CT 06489",Indeed,data analyst,,
Business Analyst - Financial Reporting & Data Analytics,Liebherr USA Co.,"Newport News, VA 23605",Indeed,data analyst,,
"Business Intell Analyst, Data & Analytics, Full-time, First Shift","UC Health, LLC",Ohio,Indeed,data analyst,,
Sr. Portfolio Data Analyst,PlayStation Global,"San Mateo, CA",Indeed,data analyst,,
"Data and Operational Analyst, FAS",Yale University,"Hybrid work in New Haven, CT 06511",Indeed,data analyst,,
Data Analyst,MPOWERHealth,"Hybrid work in Addison, TX 75001",Indeed,data analyst,,
Senior Business Central & Power BI Systems Analyst,San Diego,"Solana Beach, CA 92075",Indeed,data analyst,,
Data Analyst,"Salmon Group, Inc.","Hybrid work in Garden City, NY 11530",Indeed,data analyst,,
Data Quality Analyst – Portuguese (Portugal) Language Specialist,Experis,"Redmond, WA 98052",Indeed,data analyst,,
Financial and Data Analyst,Steamship Authority,"Falmouth, MA 02540",Indeed,data analyst,,
Senior Data Analyst,Leidos,"Tampa, FL 33621(MacDill AFB area)",Indeed,data analyst,,
Data Analyst II,"Lumbee Holdings, Inc","Salt Lake City, UT",Indeed,data analyst,,
SQL Database Developer/ Business Intelligence Analyst (Healthcare Data),Valora Medical Center LLC,"Orlando, FL 32812",Indeed,data analyst,,
Financial Data Analyst IN PERSON POSITION!,Cassena Care,"Woodbury, NY 11797",Indeed,data analyst,,
Oracle Business Intelligence Analyst,Overhead Door Corporation,"Lewisville, TX 75067",Indeed,data analyst,,
AI and vision learning engineer (In person required),SEC Industrial,"Peachtree Corners, GA 30071",Indeed,machine learning engineer,,
"Principal Machine Learning Engineer, Agentic AI",Zillow,Oregon,Indeed,machine learning engineer,,
"Sr. Machine Learning Engineer, Special Projects",Amazon.com Services LLC,"Seattle, WA",Indeed,machine learning engineer,,
"Sr. Machine Learning Engineer, AWS Applied AI Solution",Amazon.com Services LLC,"Seattle, WA",Indeed,machine learning engineer,,
Machine Learning Engineer,Howmet Aerospace,"Whitehall, MI 49461",Indeed,machine learning engineer,,
AI Engineer,Arch Telecom,"Irvine, CA 92602(Lower Peters Canyon area)",Indeed,machine learning engineer,,
"AI Lead Engineer, Client Technology - SVP - NYC",Citi,"Hybrid work in New York, NY",Indeed,machine learning engineer,,
AI and Six Sigma Lead,ZSG,"Joplin, MO",Indeed,machine learning engineer,,
AI Engineer (Autonomous Systems / Robotics / Industrial AI),Epic Placements,"Austin, TX",Indeed,machine learning engineer,,
Machine Learning Delivery Lead Research Platforms,Career Developers,"Hybrid work in New York, NY 10036",Indeed,machine learning engineer,,
AI/MLOps Engineer,Vaco by Highspring,"Saint Petersburg, FL 33716",Indeed,machine learning engineer,,
Site AI Engineer,"Suffolk Construction Company, Inc.","Las Vegas, NV 89169(Paradise area)",Indeed,machine learning engineer,,
Software Engineer I – Multimodal AI (TS/SCI Full Scope with Poly),"Revolution Technologies, LLC","Hybrid work in Fort George G Meade, MD 20755",Indeed,machine learning engineer,,
"Senior Data Engineer: $150-160,000, MN Based, Hybrid - 2 Days in Office",GovDocs,"Hybrid work in Saint Paul, MN 55121",Indeed,data engineer,,
"Databricks Lead Data Engineer (FTE) - Hybrid in Minnesota, MN",Optum,"Hybrid work in Minnetonka, MN",Indeed,data engineer,,
Sr. Data Engineer - Analytical Development,Takeda Pharmaceutical,"Hybrid work in Boston, MA",Indeed,data engineer,,
Analytics Engineer,US ALLIANCE GROUP INC,"Rancho Santa Margarita, CA 92688",Indeed,data engineer,,
Principal Systems Engineer – Enterprise Data Platforms,Northbridge Data Infrastructure LLC,"Santa Clara, CA 95056",Indeed,data engineer,,
Sr. Data Engineer,Chesapeake Employers Insurance Company,"Hybrid work in Towson, MD 21286",Indeed,data engineer,,
Senior Data & Integration Engineer,"Search Partner Group, LLC","Denver, CO 80206(Central East Denver area)",Indeed,data engineer,,
Senior Data Engineer,Confidential,"Phoenix, AZ 85035(Maryvale area)",Indeed,data engineer,,
Senior Data Engineer,Emergent Software,"Remote in Phoenix, AZ",Indeed,data engineer,,
"Sr Data Visualization Developer, Investments",Pacific Life,"Charlotte, NC",Indeed,data engineer,,
Lead Data Platform Engineer - AWS China,IDR Inc.,"Remote in Addison, TX 75001",Indeed,data engineer,,
Data Engineer,"BOOZ, ALLEN & HAMILTON, INC.","San Diego, CA 92101",Indeed,data engineer,,
"Senior Data Engineer (Azure Data Factory Databricks, PostgreSQL, Python)",Career Developers,"Hybrid work in Reston, VA",Indeed,data engineer,,
MS Fabric Data Engineer,Vaco by Highspring,"Blue Ash, OH 45242",Indeed,data engineer,,
"Senior Robotics Software Engineer (ROS 2, AI/ML, C++/Python)","Dream Face Technologies, LLC","Denver, CO 80210(University area)",Indeed,AI engineer,,
Sr. Generative AI (GenAI) Software Engineer - hybrid - onsite 5-6 days a month,Calance US,"Hybrid work in Los Angeles, CA 90013",Indeed,AI engineer,,
Senior Artificial Intelligence (AI) Developer,Amtelco,"Hybrid work in McFarland, WI 53558",Indeed,AI engineer,,
"Gen AI-ML Engineer, AVP",Citi,"Jacksonville, FL 32235(Spring Park area)",Indeed,AI engineer,,
Senior AI Software Engineer,ERISA Recovery,"Plano, TX 75093",Indeed,AI engineer,,
Software Engineer - AI & Automation (Python/ AWS),BOB MILLS FURNITURE,"Oklahoma City, OK 73107(Meridian Avenue Corridor area)",Indeed,AI engineer,,
Senior AI Application Engineer,Level 5 Consulting,"Hybrid work in Washington, DC 20003",Indeed,AI engineer,,
Senior Application Security Engineer – AI & SAST Automation,Experis,"Hybrid work in Woodbridge, NJ",Indeed,AI engineer,,
Senior AI Engineer Vice President,Citi,"Hybrid work in Irving, TX",Indeed,AI engineer,,
Lead AI Engineer,"Tavant Technologies, Inc.","Santa Clara, CA",Indeed,AI engineer,,
Senior Full Stack Software Engineer – AI,Matlen Silver,"Cincinnati, OH",Indeed,AI engineer,,
Business Analyst with Quality Assurance,Experis,"Walnut Creek, CA",SimplyHired,data analyst,,
Data Analyst,Security Public Storage,"San Francisco, CA",SimplyHired,data analyst,,
Senior Data Analyst,"Tentek, Inc.","Orlando, FL",SimplyHired,data analyst,,
Board Certified Behavioral Analyst/BCBA,SpringHealth Behavioral Health and Integrated Care,"Charlotte, NC",SimplyHired,data analyst,,
Board Certified Behavioral Analyst,SpringHealth Behavioral Health and Integrated Care,"Walshville, IL",SimplyHired,data analyst,,
Senior Data Analyst/Developer Engineer,JANSON,"Fort Hood, TX",SimplyHired,data analyst,,
BCBA Board Certified Behavioral Analyst,Akoya Behavioral Health,"Detroit, MI",SimplyHired,data analyst,,
Board Certified Behavioral Analyst,Akoya Behavioral Health,"Farmington Hills, MI",SimplyHired,data analyst,,
Mid-Level Data Analyst/Developer Engineer,JANSON,"Fort Hood, TX",SimplyHired,data analyst,,
Plant Performance & Emissions Analyst - AI Trainer,Handshake,Remote,SimplyHired,data analyst,,
Data Analyst - AI Trainer,DataAnnotation,"Phoenixville, PA",SimplyHired,data analyst,,
Systems & Data Integration Analyst,"On Air Direct, Inc.","Pottstown, PA",SimplyHired,data analyst,,
Junior Data Analytics Engineer,"Cardinal Technology Systems, Corp","Ashburn, VA",SimplyHired,data analyst,,
Machine Learning Engineer,Oxford Global Resources,Remote,SimplyHired,machine learning,,
Machine Learning Engineer (Healthcare AI),Rise Technical Recruitment Limited,Remote,SimplyHired,machine learning,,
Concierge - AI Trainer,Mercor,"New York, NY",SimplyHired,machine learning,,
ESL Teacher (Mandarin/English) - AI Trainer,DataAnnotation,"Bellaire, TX",SimplyHired,machine learning,,
Lead Systems Architect,"CASS NV,LLC","Oakland, CA",SimplyHired,machine learning,,
Biomedical AI Engineer,Energy4Life,"Salt Lake City, UT",SimplyHired,machine learning,,
Subsurface & Reservoir Engineer - AI Trainer,Handshake,Remote,SimplyHired,machine learning,,
AI Specialist,MedPro Group,"Fort Wayne, IN",SimplyHired,machine learning,,
"Postdoctoral Fellow, AI Driven Precision Oncology",Dell Medical School,"Austin, TX",SimplyHired,machine learning,,
Predictive Modeler with Customer Lifetime Value Experience,Auto-Owners Insurance Company,"Lansing, MI",SimplyHired,machine learning,,
"AI and Automation Engineer (Business Analysis, Senior Analyst)",The MIL Corporation,"Charleston, SC",SimplyHired,machine learning,,
Medical Secretary - AI Trainer,Mercor,"New York, NY",SimplyHired,machine learning,,
"Associate Director, Statistical Programming","Celldex Therapeutics, Inc.","Needham, MA",SimplyHired,machine learning,,
AI Automation Engineer (Agent-Based Workflows),"iCarCover, Inc.","Fullerton, CA",SimplyHired,machine learning,,
Physics Specialist - AI Trainer,Handshake,Remote,SimplyHired,machine learning,,
Senior AI/ML Engineer,Vector Solutions Group,"Woodbridge, VA",SimplyHired,machine learning,,
Physics Expert - AI Trainer,Handshake,Remote,SimplyHired,machine learning,,
Data Engineer II,Indeed,Remote,SimplyHired,data engineer,,
Data Engineer,"Connexion Systems and Engineering, Inc.",Remote,SimplyHired,data engineer,,
Data Storage Engineer (Senior Level),Translucent Services,"Omaha, NE",SimplyHired,data engineer,,
"Mid-Level Data Engineer (Kaiserslautern, Germany)",JANSON,"Fairfax, VA",SimplyHired,data engineer,,
Layer 3 Data Center Network Engineer,WEI,"Salem, NH",SimplyHired,data engineer,,
Sr. Electrical Engineer - Data Center,Salute,"Gainesville, VA",SimplyHired,data engineer,,
Service Engineer – AI Data Center,CorTech,"Afton, TX",SimplyHired,data engineer,,
Senior Design Engineer - Data Centers,ATS Applied Tech Systems,Remote,SimplyHired,data engineer,,
Cisco Data and Wireless Network Engineer,Synergis,"Birmingham, AL",SimplyHired,data engineer,,
"Commissioning Engineer, AWS Data Center Commissioning","Amazon Data Services, Inc.","Atlanta, GA",SimplyHired,data engineer,,
Lead Data Engineer/Data Engineer,State Farm Mutual Automobile Insurance Company,"Bloomington, IL",SimplyHired,data engineer,,
Internal Architect / Engineer – Data Center Design,Confidential,"King of Prussia, PA",SimplyHired,data engineer,,
Data Engineer III,Inland Empire Health Plan,California,SimplyHired,data engineer,,
"Controls Engineer, Amazon Data Services, Inc","Amazon Data Services, Inc.","Plain City, OH",SimplyHired,data engineer,,
Mechanical Engineer – Data Center Cooling,TMP Worldwide India Private Limited for ERS US,"Charlotte, NC",SimplyHired,data engineer,,
AWS Infrastructure Engineer Data Science - Senior,Freddie Mac,"McLean, VA",SimplyHired,data engineer,,
"Distinguished Engineer, AI",Indeed,Remote,SimplyHired,AI engineer,,
Software Engineer - AI Trainer,Mercor,"San Francisco, CA",SimplyHired,AI engineer,,
AI Engineer (IT),Leviton Manufacturing,"Melville, NY",SimplyHired,AI engineer,,
Java AI Engineer,Matlen Silver,"Addison, TX",SimplyHired,AI engineer,,
Computer Vision Engineer-Edge,Viatouch Media inc,"New York, NY",SimplyHired,AI engineer,,
"Manager, Process Safety Engineering",Kent,"Houston, TX",SimplyHired,AI engineer,,
Detection Engineer - AI Trainer,DataAnnotation,"Woodland Hills, CA",SimplyHired,AI engineer,,
Senior Structural Aerospace Engineer,"Quest Defense Systems & Solutions, Inc.","Indianapolis, IN",SimplyHired,AI engineer,,
Sales Solution Engineer,Point Predictive,"San Diego, CA",SimplyHired,AI engineer,,
"Director, Automation Region Americas",Vibracoustic USA Inc.,"South Haven, MI",SimplyHired,AI engineer,,
Senior Electrical Engineer 1 - Nuclear,Sargent & Lundy,"Wilmington, DE",SimplyHired,AI engineer,,
Director of Engineering,"Retrotec, Inc.","Everson, WA",SimplyHired,AI engineer,,
Electrical Reliability Engineer,Linde,"Spring, TX",SimplyHired,AI engineer,,
Controls Engineer,Terex Corporation,"Fort Payne, AL",SimplyHired,AI engineer,,
Senior Transmission Line Engineer 2 - Grid,Sargent & Lundy,"Austin, TX",SimplyHired,AI engineer,,
Lead Transmission Line Engineer 2 - Grid,Sargent & Lundy,"Portland, OR",SimplyHired,AI engineer,,
Mechanical Engineer,Exential,"Colchester, VT",SimplyHired,AI engineer,,
